"../../../Engine/Content/EngineResources/GradientTexture0.uasset" 0
"../../../Engine/Content/EngineResources/GradientTexture0.uexp" 1
"../../../Engine/Content/EngineResources/Black.uasset" 2
"../../../Engine/Content/EngineResources/Black.uexp" 3
"../../../Engine/Content/EditorResources/S_Actor.ubulk" 4
"../../../Engine/Content/EditorResources/S_Actor.uasset" 5
"../../../Engine/Content/EditorResources/S_Actor.uexp" 6
"../../../Engine/Plugins/2D/Paper2D/Content/PlaceholderTextures/DummySpriteTexture.ubulk" 7
"../../../Engine/Plugins/2D/Paper2D/Content/PlaceholderTextures/DummySpriteTexture.uasset" 8
"../../../Engine/Plugins/2D/Paper2D/Content/PlaceholderTextures/DummySpriteTexture.uexp" 9
"../../../Engine/Plugins/2D/Paper2D/Content/DummySprite.uasset" 10
"../../../Engine/Plugins/2D/Paper2D/Content/DummySprite.uexp" 11
"../../../Engine/Plugins/2D/Paper2D/Content/DefaultPaperTerrainMaterial.uasset" 12
"../../../Engine/Plugins/2D/Paper2D/Content/DefaultPaperTerrainMaterial.uexp" 13
"../../../Engine/Plugins/NNE/NNEDenoiser/Content/NNEDTOM_Output_Default.uasset" 14
"../../../Engine/Plugins/NNE/NNEDenoiser/Content/NNEDTOM_Output_Default.uexp" 15
"../../../Engine/Plugins/NNE/NNEDenoiser/Content/NNEDTOM_Output_Alpha.uasset" 16
"../../../Engine/Plugins/NNE/NNEDenoiser/Content/NNEDTOM_Output_Alpha.uexp" 17
"../../../Engine/Plugins/NNE/NNEDenoiser/Content/NNEDTIM_ColorAlbedoNormal_Default.uasset" 18
"../../../Engine/Plugins/NNE/NNEDenoiser/Content/NNEDTIM_ColorAlbedoNormal_Default.uexp" 19
"../../../Engine/Plugins/NNE/NNEDenoiser/Content/NNEDTIM_ColorAlbedoNormal_Alpha.uasset" 20
"../../../Engine/Plugins/NNE/NNEDenoiser/Content/NNEDTIM_ColorAlbedoNormal_Alpha.uexp" 21
"../../../Engine/Plugins/NNE/NNEDenoiser/Content/NNEDOM_Output_Default.uasset" 22
"../../../Engine/Plugins/NNE/NNEDenoiser/Content/NNEDOM_Output_Default.uexp" 23
"../../../Engine/Plugins/NNE/NNEDenoiser/Content/NNEDOM_Output_Alpha.uasset" 24
"../../../Engine/Plugins/NNE/NNEDenoiser/Content/NNEDOM_Output_Alpha.uexp" 25
"../../../Engine/Plugins/NNE/NNEDenoiser/Content/NNEDIM_HighQuality_Default.uasset" 26
"../../../Engine/Plugins/NNE/NNEDenoiser/Content/NNEDIM_HighQuality_Default.uexp" 27
"../../../Engine/Plugins/NNE/NNEDenoiser/Content/NNEDIM_HighQuality_Alpha.uasset" 28
"../../../Engine/Plugins/NNE/NNEDenoiser/Content/NNEDIM_HighQuality_Alpha.uexp" 29
"../../../Engine/Plugins/NNE/NNEDenoiser/Content/NNEDIM_ColorAlbedoNormal_Default.uasset" 30
"../../../Engine/Plugins/NNE/NNEDenoiser/Content/NNEDIM_ColorAlbedoNormal_Default.uexp" 31
"../../../Engine/Plugins/NNE/NNEDenoiser/Content/NNEDIM_ColorAlbedoNormal_Alpha.uasset" 32
"../../../Engine/Plugins/NNE/NNEDenoiser/Content/NNEDIM_ColorAlbedoNormal_Alpha.uexp" 33
"../../../Engine/Plugins/Runtime/AudioWidgets/Content/Resources/ScrubHandleDown_Clamped.uasset" 34
"../../../Engine/Plugins/Runtime/AudioWidgets/Content/Resources/ScrubHandleDown_Clamped.uexp" 35
"../../../Engine/Plugins/PCG/Content/ComputeSources/PCGCS_ShaderUtilsInternal.uasset" 36
"../../../Engine/Plugins/PCG/Content/ComputeSources/PCGCS_ShaderUtilsInternal.uexp" 37
"../../../Engine/Plugins/PCG/Content/ComputeSources/PCGCS_ShaderUtils.uasset" 38
"../../../Engine/Plugins/PCG/Content/ComputeSources/PCGCS_ShaderUtils.uexp" 39
"../../../Engine/Plugins/PCG/Content/ComputeSources/PCGCS_Quaternion.uasset" 40
"../../../Engine/Plugins/PCG/Content/ComputeSources/PCGCS_Quaternion.uexp" 41
"../../../Engine/Plugins/Interchange/Runtime/Content/Pipelines/DefaultTexturePipeline.uasset" 42
"../../../Engine/Plugins/Interchange/Runtime/Content/Pipelines/DefaultTexturePipeline.uexp" 43
"../../../Engine/Plugins/Interchange/Runtime/Content/Pipelines/DefaultSceneLevelPipeline.uasset" 44
"../../../Engine/Plugins/Interchange/Runtime/Content/Pipelines/DefaultSceneLevelPipeline.uexp" 45
"../../../Engine/Plugins/Interchange/Runtime/Content/Pipelines/DefaultSceneAssetsPipeline.uasset" 46
"../../../Engine/Plugins/Interchange/Runtime/Content/Pipelines/DefaultSceneAssetsPipeline.uexp" 47
"../../../Engine/Plugins/Interchange/Runtime/Content/Pipelines/DefaultMaterialXPipeline.uasset" 48
"../../../Engine/Plugins/Interchange/Runtime/Content/Pipelines/DefaultMaterialXPipeline.uexp" 49
"../../../Engine/Plugins/Interchange/Runtime/Content/Pipelines/DefaultMaterialPipeline.uasset" 50
"../../../Engine/Plugins/Interchange/Runtime/Content/Pipelines/DefaultMaterialPipeline.uexp" 51
"../../../Engine/Plugins/Interchange/Runtime/Content/Pipelines/DefaultGLTFSceneAssetsPipeline.uasset" 52
"../../../Engine/Plugins/Interchange/Runtime/Content/Pipelines/DefaultGLTFSceneAssetsPipeline.uexp" 53
"../../../Engine/Plugins/Interchange/Runtime/Content/Pipelines/DefaultGLTFPipeline.uasset" 54
"../../../Engine/Plugins/Interchange/Runtime/Content/Pipelines/DefaultGLTFPipeline.uexp" 55
"../../../Engine/Plugins/Interchange/Runtime/Content/Pipelines/DefaultGLTFAssetsPipeline.uasset" 56
"../../../Engine/Plugins/Interchange/Runtime/Content/Pipelines/DefaultGLTFAssetsPipeline.uexp" 57
"../../../Engine/Plugins/Interchange/Runtime/Content/Pipelines/DefaultAssetsPipeline.uasset" 58
"../../../Engine/Plugins/Interchange/Runtime/Content/Pipelines/DefaultAssetsPipeline.uexp" 59
"../../../Engine/Plugins/Interchange/Assets/Content/Functions/MX_UsdPreviewSurface.uasset" 60
"../../../Engine/Plugins/Interchange/Assets/Content/Functions/MX_UsdPreviewSurface.uexp" 61
"../../../Engine/Plugins/Interchange/Assets/Content/Functions/MX_UniformEDF.uasset" 62
"../../../Engine/Plugins/Interchange/Assets/Content/Functions/MX_UniformEDF.uexp" 63
"../../../Engine/Plugins/Interchange/Assets/Content/Functions/MX_TranslucentBSDF.uasset" 64
"../../../Engine/Plugins/Interchange/Assets/Content/Functions/MX_TranslucentBSDF.uexp" 65
"../../../Engine/Plugins/Interchange/Assets/Content/Functions/MX_ThinFilmBSDF.uasset" 66
"../../../Engine/Plugins/Interchange/Assets/Content/Functions/MX_ThinFilmBSDF.uexp" 67
"../../../Engine/Plugins/Interchange/Assets/Content/Functions/MX_SurfaceUnlit.uasset" 68
"../../../Engine/Plugins/Interchange/Assets/Content/Functions/MX_SurfaceUnlit.uexp" 69
"../../../Engine/Plugins/Interchange/Assets/Content/Functions/MX_Surface.uasset" 70
"../../../Engine/Plugins/Interchange/Assets/Content/Functions/MX_Surface.uexp" 71
"../../../Engine/Plugins/Interchange/Assets/Content/Functions/MX_SubsurfaceBSDF.uasset" 72
"../../../Engine/Plugins/Interchange/Assets/Content/Functions/MX_SubsurfaceBSDF.uexp" 73
"../../../Engine/Plugins/Interchange/Assets/Content/Functions/MX_SheenBSDF.uasset" 74
"../../../Engine/Plugins/Interchange/Assets/Content/Functions/MX_SheenBSDF.uexp" 75
"../../../Engine/Plugins/Interchange/Assets/Content/Functions/MX_OrenNayarBSDF.uasset" 76
"../../../Engine/Plugins/Interchange/Assets/Content/Functions/MX_OrenNayarBSDF.uexp" 77
"../../../Engine/Plugins/Interchange/Assets/Content/Functions/MF_IridescenceNoLUT.uasset" 78
"../../../Engine/Plugins/Interchange/Assets/Content/Functions/MF_IridescenceNoLUT.uexp" 79
"../../../Engine/Plugins/Interchange/Assets/Content/Functions/MX_StandardSurface.uasset" 80
"../../../Engine/Plugins/Interchange/Assets/Content/Functions/MX_StandardSurface.uexp" 81
"../../../Engine/Plugins/Interchange/Assets/Content/Functions/MX_TransmissionSurface.uasset" 82
"../../../Engine/Plugins/Interchange/Assets/Content/Functions/MX_TransmissionSurface.uexp" 83
"../../../Engine/Plugins/Interchange/Assets/Content/Functions/MX_OpenPBR_Translucent.uasset" 84
"../../../Engine/Plugins/Interchange/Assets/Content/Functions/MX_OpenPBR_Translucent.uexp" 85
"../../../Engine/Plugins/Interchange/Assets/Content/Functions/MX_OpenPBR_Opaque.uasset" 86
"../../../Engine/Plugins/Interchange/Assets/Content/Functions/MX_OpenPBR_Opaque.uexp" 87
"../../../Engine/Plugins/Interchange/Assets/Content/Functions/MX_MeasuredEDF.uasset" 88
"../../../Engine/Plugins/Interchange/Assets/Content/Functions/MX_MeasuredEDF.uexp" 89
"../../../Engine/Plugins/Interchange/Assets/Content/Functions/MX_GeneralizedSchlickBSDF.uasset" 90
"../../../Engine/Plugins/Interchange/Assets/Content/Functions/MX_GeneralizedSchlickBSDF.uexp" 91
"../../../Engine/Plugins/Interchange/Assets/Content/Functions/MX_Displacement.uasset" 92
"../../../Engine/Plugins/Interchange/Assets/Content/Functions/MX_Displacement.uexp" 93
"../../../Engine/Plugins/Interchange/Assets/Content/Functions/MX_DielectricBSDF.uasset" 94
"../../../Engine/Plugins/Interchange/Assets/Content/Functions/MX_DielectricBSDF.uexp" 95
"../../../Engine/Plugins/Interchange/Assets/Content/Functions/MX_ConicalEDF.uasset" 96
"../../../Engine/Plugins/Interchange/Assets/Content/Functions/MX_ConicalEDF.uexp" 97
"../../../Engine/Plugins/Interchange/Assets/Content/Functions/MX_ConductorBSDF.uasset" 98
"../../../Engine/Plugins/Interchange/Assets/Content/Functions/MX_ConductorBSDF.uexp" 99
"../../../Engine/Plugins/Interchange/Assets/Content/Functions/MX_BurleyDiffuseBSDF.uasset" 100
"../../../Engine/Plugins/Interchange/Assets/Content/Functions/MX_BurleyDiffuseBSDF.uexp" 101
"../../../Engine/Plugins/Interchange/Assets/Content/Functions/MX_AnisotropicVDF.uasset" 102
"../../../Engine/Plugins/Interchange/Assets/Content/Functions/MX_AnisotropicVDF.uexp" 103
"../../../Engine/Plugins/Interchange/Assets/Content/Functions/MX_AbsorptionVDF.uasset" 104
"../../../Engine/Plugins/Interchange/Assets/Content/Functions/MX_AbsorptionVDF.uexp" 105
"../../../Engine/Plugins/Animation/ControlRig/Content/Controls/DefaultGizmoLibraryNormalized.uasset" 106
"../../../Engine/Plugins/Animation/ControlRig/Content/Controls/DefaultGizmoLibraryNormalized.uexp" 107
"../../../Engine/Content/EngineSounds/Master.uasset" 108
"../../../Engine/Content/EngineSounds/Master.uexp" 109
"../../../Engine/Content/EngineMaterials/PreintegratedSkinBRDF.uasset" 110
"../../../Engine/Content/EngineMaterials/PreintegratedSkinBRDF.uexp" 111
"../../../Engine/Content/EngineMaterials/MiniFont.uasset" 112
"../../../Engine/Content/EngineMaterials/MiniFont.uexp" 113
"../../../Engine/Content/EngineMaterials/FastBlueNoise_vec2_128x128x64.uasset" 114
"../../../Engine/Content/EngineMaterials/FastBlueNoise_vec2_128x128x64.uexp" 115
"../../../Engine/Content/EngineMaterials/FastBlueNoise_scalar_128x128x8.uasset" 116
"../../../Engine/Content/EngineMaterials/FastBlueNoise_scalar_128x128x8.uexp" 117
"../../../Engine/Content/EngineMaterials/FastBlueNoise_scalar_128x128x64.uasset" 118
"../../../Engine/Content/EngineMaterials/FastBlueNoise_scalar_128x128x64.uexp" 119
"../../../Engine/Content/EngineMaterials/DefaultWhiteGrid.ubulk" 120
"../../../Engine/Content/EngineMaterials/DefaultWhiteGrid.uasset" 121
"../../../Engine/Content/EngineMaterials/DefaultWhiteGrid.uexp" 122
"../../../Engine/Content/EngineMaterials/DefaultDestructiblePhysicalMaterial.uasset" 123
"../../../Engine/Content/EngineMaterials/DefaultDestructiblePhysicalMaterial.uexp" 124
"../../../Engine/Content/EngineMaterials/DefaultBokeh.uasset" 125
"../../../Engine/Content/EngineMaterials/DefaultBokeh.uexp" 126
"../../../Engine/Content/EngineMaterials/DefaultBloomKernel.uasset" 127
"../../../Engine/Content/EngineMaterials/DefaultBloomKernel.uexp" 128
"../../../Engine/Content/EngineFonts/Faces/DroidSansFallback.uexp" 129
"../../../Engine/Content/EngineFonts/Faces/DroidSansFallback.uasset" 130
"../../../Engine/Content/EngineFonts/Faces/DroidSansFallback.ufont" 131
"../../../Engine/Content/EngineFonts/Faces/RobotoBold.uexp" 132
"../../../Engine/Content/EngineFonts/Faces/RobotoBold.uasset" 133
"../../../Engine/Content/EngineFonts/Faces/RobotoBold.ufont" 134
"../../../Engine/Content/EngineFonts/Faces/RobotoBoldItalic.uexp" 135
"../../../Engine/Content/EngineFonts/Faces/RobotoBoldItalic.uasset" 136
"../../../Engine/Content/EngineFonts/Faces/RobotoBoldItalic.ufont" 137
"../../../Engine/Content/EngineFonts/Faces/RobotoItalic.uexp" 138
"../../../Engine/Content/EngineFonts/Faces/RobotoItalic.uasset" 139
"../../../Engine/Content/EngineFonts/Faces/RobotoItalic.ufont" 140
"../../../Engine/Content/EngineFonts/Faces/RobotoLight.uexp" 141
"../../../Engine/Content/EngineFonts/Faces/RobotoLight.uasset" 142
"../../../Engine/Content/EngineFonts/Faces/RobotoLight.ufont" 143
"../../../Engine/Content/EngineFonts/Faces/RobotoRegular.uexp" 144
"../../../Engine/Content/EngineFonts/Faces/RobotoRegular.uasset" 145
"../../../Engine/Content/EngineFonts/Faces/RobotoRegular.ufont" 146
"../../../Engine/Content/EngineFonts/Roboto.uasset" 147
"../../../Engine/Content/EngineFonts/Roboto.uexp" 148
"../../../Engine/Content/EngineFonts/Faces/DroidSansMono.uexp" 149
"../../../Engine/Content/EngineFonts/Faces/DroidSansMono.uasset" 150
"../../../Engine/Content/EngineFonts/Faces/DroidSansMono.ufont" 151
"../../../Engine/Content/EngineFonts/DroidSansMono.uasset" 152
"../../../Engine/Content/EngineFonts/DroidSansMono.uexp" 153
"../../../Engine/Content/EngineDamageTypes/DmgTypeBP_Environmental.uasset" 154
"../../../Engine/Content/EngineDamageTypes/DmgTypeBP_Environmental.uexp" 155
"../../../Engine/Content/EditorResources/S_TriggerSphere.uasset" 156
"../../../Engine/Content/EditorResources/S_TriggerSphere.uexp" 157
"../../../Engine/Content/EditorResources/S_TriggerCapsule.uasset" 158
"../../../Engine/Content/EditorResources/S_TriggerCapsule.uexp" 159
"../../../Engine/Content/EditorResources/S_TriggerBox.uasset" 160
"../../../Engine/Content/EditorResources/S_TriggerBox.uexp" 161
"../../../Engine/Content/EditorResources/S_Trigger.ubulk" 162
"../../../Engine/Content/EditorResources/S_Trigger.uasset" 163
"../../../Engine/Content/EditorResources/S_Trigger.uexp" 164
"../../../Engine/Content/EditorResources/S_Terrain.ubulk" 165
"../../../Engine/Content/EditorResources/S_Terrain.uasset" 166
"../../../Engine/Content/EditorResources/S_Terrain.uexp" 167
"../../../Engine/Content/EditorResources/S_Solver.ubulk" 168
"../../../Engine/Content/EditorResources/S_Solver.uasset" 169
"../../../Engine/Content/EditorResources/S_Solver.uexp" 170
"../../../Engine/Content/EditorResources/S_BoxReflectionCapture.uasset" 171
"../../../Engine/Content/EditorResources/S_BoxReflectionCapture.uexp" 172
"../../../Engine/Content/EditorResources/BSPVertex.uasset" 173
"../../../Engine/Content/EditorResources/BSPVertex.uexp" 174
"../../../Engine/Content/Animation/DefaultRecorderBoneCompression.uasset" 175
"../../../Engine/Content/Animation/DefaultRecorderBoneCompression.uexp" 176
"../../../Engine/Content/EditorMaterials/ParticleSystems/PSysThumbnail_OOD.ubulk" 177
"../../../Engine/Content/EditorMaterials/ParticleSystems/PSysThumbnail_OOD.uasset" 178
"../../../Engine/Content/EditorMaterials/ParticleSystems/PSysThumbnail_OOD.uexp" 179
"../../../Engine/Content/EditorMaterials/ParticleSystems/PSysThumbnail_NoImage.ubulk" 180
"../../../Engine/Content/EditorMaterials/ParticleSystems/PSysThumbnail_NoImage.uasset" 181
"../../../Engine/Content/EditorMaterials/ParticleSystems/PSysThumbnail_NoImage.uexp" 182
"../../../Engine/Content/EngineResources/FilmGrains/Marcie_Grain_v3_128_M2_000.uasset" 183
"../../../Engine/Content/EngineResources/FilmGrains/Marcie_Grain_v3_128_M2_000.uexp" 184
"../../../Engine/Content/EngineResources/Development/ZenLogo_64.uasset" 185
"../../../Engine/Content/EngineResources/Development/ZenLogo_64.uexp" 186
"../../../Engine/Content/EngineMaterials/LTC/Sheen_LTC.uasset" 187
"../../../Engine/Content/EngineMaterials/LTC/Sheen_LTC.uexp" 188
"../../../Engine/Content/EngineMaterials/LTC/GGX_LTCMat.uasset" 189
"../../../Engine/Content/EngineMaterials/LTC/GGX_LTCMat.uexp" 190
"../../../Engine/Content/EngineMaterials/LTC/GGX_LTCAmp.uasset" 191
"../../../Engine/Content/EngineMaterials/LTC/GGX_LTCAmp.uexp" 192
"../../../Engine/Content/EngineMaterials/EnergyConservation/Sheen_Energy.uasset" 193
"../../../Engine/Content/EngineMaterials/EnergyConservation/Sheen_Energy.uexp" 194
"../../../Engine/Content/EngineMaterials/EnergyConservation/SheenLegacy_Energy.uasset" 195
"../../../Engine/Content/EngineMaterials/EnergyConservation/SheenLegacy_Energy.uexp" 196
"../../../Engine/Content/EngineMaterials/EnergyConservation/GGX_TransmissionEnergyArray.uasset" 197
"../../../Engine/Content/EngineMaterials/EnergyConservation/GGX_TransmissionEnergyArray.uexp" 198
"../../../Engine/Content/EngineMaterials/EnergyConservation/GGX_ReflectionEnergy.uasset" 199
"../../../Engine/Content/EngineMaterials/EnergyConservation/GGX_ReflectionEnergy.uexp" 200
"../../../Engine/Content/EngineMaterials/EnergyConservation/Diffuse_Energy.uasset" 201
"../../../Engine/Content/EngineMaterials/EnergyConservation/Diffuse_Energy.uexp" 202
"../../../Engine/Content/EditorResources/SequenceRecorder/RecordingIndicator.uasset" 203
"../../../Engine/Content/EditorResources/SequenceRecorder/RecordingIndicator.uexp" 204
"../../../Engine/Content/EditorResources/SequenceRecorder/Countdown.uasset" 205
"../../../Engine/Content/EditorResources/SequenceRecorder/Countdown.uexp" 206
"C:/Users/Aliss/Documents/GitHub/Reel-Rhythm2/Content/FishingPoleHeroProp_initialShadingGroup_Roughness.ubulk" 207
"C:/Users/Aliss/Documents/GitHub/Reel-Rhythm2/Content/FishingPoleHeroProp_initialShadingGroup_Roughness.uasset" 208
"C:/Users/Aliss/Documents/GitHub/Reel-Rhythm2/Content/FishingPoleHeroProp_initialShadingGroup_Roughness.uexp" 209
"C:/Users/Aliss/Documents/GitHub/Reel-Rhythm2/Content/FishingPoleHeroProp_initialShadingGroup_Normal.ubulk" 210
"C:/Users/Aliss/Documents/GitHub/Reel-Rhythm2/Content/FishingPoleHeroProp_initialShadingGroup_Normal.uasset" 211
"C:/Users/Aliss/Documents/GitHub/Reel-Rhythm2/Content/FishingPoleHeroProp_initialShadingGroup_Normal.uexp" 212
"C:/Users/Aliss/Documents/GitHub/Reel-Rhythm2/Content/FishingPoleHeroProp_initialShadingGroup_BaseColor.ubulk" 213
"C:/Users/Aliss/Documents/GitHub/Reel-Rhythm2/Content/FishingPoleHeroProp_initialShadingGroup_BaseColor.uasset" 214
"C:/Users/Aliss/Documents/GitHub/Reel-Rhythm2/Content/FishingPoleHeroProp_initialShadingGroup_BaseColor.uexp" 215
"C:/Users/Aliss/Documents/GitHub/Reel-Rhythm2/Content/M_fishingrod.uasset" 216
"C:/Users/Aliss/Documents/GitHub/Reel-Rhythm2/Content/M_fishingrod.uexp" 217
"C:/Users/Aliss/Documents/GitHub/Reel-Rhythm2/Content/pole.ubulk" 218
"C:/Users/Aliss/Documents/GitHub/Reel-Rhythm2/Content/pole.uasset" 219
"C:/Users/Aliss/Documents/GitHub/Reel-Rhythm2/Content/pole.uexp" 220
"C:/Users/Aliss/Documents/GitHub/Reel-Rhythm2/Content/DayNightSequence/BP_DayNightManager.uasset" 221
"C:/Users/Aliss/Documents/GitHub/Reel-Rhythm2/Content/DayNightSequence/BP_DayNightManager.uexp" 222
"C:/Users/Aliss/Documents/GitHub/Reel-Rhythm2/Content/Input/Actions/IA_MouseLook.uasset" 223
"C:/Users/Aliss/Documents/GitHub/Reel-Rhythm2/Content/Input/Actions/IA_MouseLook.uexp" 224
"C:/Users/Aliss/Documents/GitHub/Reel-Rhythm2/Content/Input/IMC_MouseLook.uasset" 225
"C:/Users/Aliss/Documents/GitHub/Reel-Rhythm2/Content/Input/IMC_MouseLook.uexp" 226
"C:/Users/Aliss/Documents/GitHub/Reel-Rhythm2/Content/Input/Actions/IA_Cast.uasset" 227
"C:/Users/Aliss/Documents/GitHub/Reel-Rhythm2/Content/Input/Actions/IA_Cast.uexp" 228
"C:/Users/Aliss/Documents/GitHub/Reel-Rhythm2/Content/Input/Actions/IA_UniqueLure1.uasset" 229
"C:/Users/Aliss/Documents/GitHub/Reel-Rhythm2/Content/Input/Actions/IA_UniqueLure1.uexp" 230
"C:/Users/Aliss/Documents/GitHub/Reel-Rhythm2/Content/Input/Actions/IA_UniqueLure2.uasset" 231
"C:/Users/Aliss/Documents/GitHub/Reel-Rhythm2/Content/Input/Actions/IA_UniqueLure2.uexp" 232
"C:/Users/Aliss/Documents/GitHub/Reel-Rhythm2/Content/Input/Actions/IA_BaseLure.uasset" 233
"C:/Users/Aliss/Documents/GitHub/Reel-Rhythm2/Content/Input/Actions/IA_BaseLure.uexp" 234
"C:/Users/Aliss/Documents/GitHub/Reel-Rhythm2/Content/Input/Actions/IA_UniqueLure3.uasset" 235
"C:/Users/Aliss/Documents/GitHub/Reel-Rhythm2/Content/Input/Actions/IA_UniqueLure3.uexp" 236
"C:/Users/Aliss/Documents/GitHub/Reel-Rhythm2/Content/Input/Actions/IA_Move.uasset" 237
"C:/Users/Aliss/Documents/GitHub/Reel-Rhythm2/Content/Input/Actions/IA_Move.uexp" 238
"C:/Users/Aliss/Documents/GitHub/Reel-Rhythm2/Content/Input/Actions/IA_Look.uasset" 239
"C:/Users/Aliss/Documents/GitHub/Reel-Rhythm2/Content/Input/Actions/IA_Look.uexp" 240
"C:/Users/Aliss/Documents/GitHub/Reel-Rhythm2/Content/BraydensWork/Player/IA_Inventory.uasset" 241
"C:/Users/Aliss/Documents/GitHub/Reel-Rhythm2/Content/BraydensWork/Player/IA_Inventory.uexp" 242
"C:/Users/Aliss/Documents/GitHub/Reel-Rhythm2/Content/Input/Actions/IA_InteractRight.uasset" 243
"C:/Users/Aliss/Documents/GitHub/Reel-Rhythm2/Content/Input/Actions/IA_InteractRight.uexp" 244
"C:/Users/Aliss/Documents/GitHub/Reel-Rhythm2/Content/Input/Actions/IA_Jump.uasset" 245
"C:/Users/Aliss/Documents/GitHub/Reel-Rhythm2/Content/Input/Actions/IA_Jump.uexp" 246
"C:/Users/Aliss/Documents/GitHub/Reel-Rhythm2/Content/BraydensWork/Player/IA_Interact.uasset" 247
"C:/Users/Aliss/Documents/GitHub/Reel-Rhythm2/Content/BraydensWork/Player/IA_Interact.uexp" 248
"C:/Users/Aliss/Documents/GitHub/Reel-Rhythm2/Content/Input/IMC_Default.uasset" 249
"C:/Users/Aliss/Documents/GitHub/Reel-Rhythm2/Content/Input/IMC_Default.uexp" 250
"C:/Users/Aliss/Documents/GitHub/Reel-Rhythm2/Content/Input/Touch/BPI_TouchInterface.uasset" 251
"C:/Users/Aliss/Documents/GitHub/Reel-Rhythm2/Content/Input/Touch/BPI_TouchInterface.uexp" 252
"../../../Engine/Content/MobileResources/HUD/VirtualJoystick_Thumb.uasset" 253
"../../../Engine/Content/MobileResources/HUD/VirtualJoystick_Thumb.uexp" 254
"../../../Engine/Content/MobileResources/HUD/VirtualJoystick_Background.uasset" 255
"../../../Engine/Content/MobileResources/HUD/VirtualJoystick_Background.uexp" 256
"C:/Users/Aliss/Documents/GitHub/Reel-Rhythm2/Content/Input/Touch/UI_Thumbstick.uasset" 257
"C:/Users/Aliss/Documents/GitHub/Reel-Rhythm2/Content/Input/Touch/UI_Thumbstick.uexp" 258
"C:/Users/Aliss/Documents/GitHub/Reel-Rhythm2/Content/Input/Touch/UI_TouchSimple.uasset" 259
"C:/Users/Aliss/Documents/GitHub/Reel-Rhythm2/Content/Input/Touch/UI_TouchSimple.uexp" 260
"C:/Users/Aliss/Documents/GitHub/Reel-Rhythm2/Content/ThirdPerson/Blueprints/BP_ThirdPersonPlayerController.uasset" 261
"C:/Users/Aliss/Documents/GitHub/Reel-Rhythm2/Content/ThirdPerson/Blueprints/BP_ThirdPersonPlayerController.uexp" 262
"../../../Engine/Plugins/FX/Niagara/Content/DefaultAssets/DefaultSpriteMaterial.uasset" 263
"../../../Engine/Plugins/FX/Niagara/Content/DefaultAssets/DefaultSpriteMaterial.uexp" 264
"C:/Users/Aliss/Documents/GitHub/Reel-Rhythm2/Content/ParticleSystems/NS_RainSystem.uasset" 265
"C:/Users/Aliss/Documents/GitHub/Reel-Rhythm2/Content/ParticleSystems/NS_RainSystem.uexp" 266
"C:/Users/Aliss/Documents/GitHub/Reel-Rhythm2/Content/Sounds+Music/rain-and-thunder-319236.ubulk" 267
"C:/Users/Aliss/Documents/GitHub/Reel-Rhythm2/Content/Sounds+Music/rain-and-thunder-319236.uasset" 268
"C:/Users/Aliss/Documents/GitHub/Reel-Rhythm2/Content/Sounds+Music/rain-and-thunder-319236.uexp" 269
"C:/Users/Aliss/Documents/GitHub/Reel-Rhythm2/Content/Sounds+Music/thunder-sound-45992.ubulk" 270
"C:/Users/Aliss/Documents/GitHub/Reel-Rhythm2/Content/Sounds+Music/thunder-sound-45992.uasset" 271
"C:/Users/Aliss/Documents/GitHub/Reel-Rhythm2/Content/Sounds+Music/thunder-sound-45992.uexp" 272
"C:/Users/Aliss/Documents/GitHub/Reel-Rhythm2/Content/BP_Storm.uasset" 273
"C:/Users/Aliss/Documents/GitHub/Reel-Rhythm2/Content/BP_Storm.uexp" 274
"C:/Users/Aliss/Documents/GitHub/Reel-Rhythm2/Content/Sounds+Music/fly-reel-fish-pulling-saricione-94671.ubulk" 275
"C:/Users/Aliss/Documents/GitHub/Reel-Rhythm2/Content/Sounds+Music/fly-reel-fish-pulling-saricione-94671.uasset" 276
"C:/Users/Aliss/Documents/GitHub/Reel-Rhythm2/Content/Sounds+Music/fly-reel-fish-pulling-saricione-94671.uexp" 277
"C:/Users/Aliss/Documents/GitHub/Reel-Rhythm2/Content/Sounds+Music/fishing-rod-whoosh-411640.ubulk" 278
"C:/Users/Aliss/Documents/GitHub/Reel-Rhythm2/Content/Sounds+Music/fishing-rod-whoosh-411640.uasset" 279
"C:/Users/Aliss/Documents/GitHub/Reel-Rhythm2/Content/Sounds+Music/fishing-rod-whoosh-411640.uexp" 280
"C:/Users/Aliss/Documents/GitHub/Reel-Rhythm2/Content/Sounds+Music/firecracker-104159.ubulk" 281
"C:/Users/Aliss/Documents/GitHub/Reel-Rhythm2/Content/Sounds+Music/firecracker-104159.uasset" 282
"C:/Users/Aliss/Documents/GitHub/Reel-Rhythm2/Content/Sounds+Music/firecracker-104159.uexp" 283
"C:/Users/Aliss/Documents/GitHub/Reel-Rhythm2/Content/VFX_FishingSpot/Components/Voronoi_basecolor.ubulk" 284
"C:/Users/Aliss/Documents/GitHub/Reel-Rhythm2/Content/VFX_FishingSpot/Components/Voronoi_basecolor.uasset" 285
"C:/Users/Aliss/Documents/GitHub/Reel-Rhythm2/Content/VFX_FishingSpot/Components/Voronoi_basecolor.uexp" 286
"C:/Users/Aliss/Documents/GitHub/Reel-Rhythm2/Content/VFX_FishingSpot/Components/M_MovingTextureDisk.uasset" 287
"C:/Users/Aliss/Documents/GitHub/Reel-Rhythm2/Content/VFX_FishingSpot/Components/M_MovingTextureDisk.uexp" 288
"C:/Users/Aliss/Documents/GitHub/Reel-Rhythm2/Content/VFX_FishingSpot/Components/MI_Disk.uasset" 289
"C:/Users/Aliss/Documents/GitHub/Reel-Rhythm2/Content/VFX_FishingSpot/Components/MI_Disk.uexp" 290
"C:/Users/Aliss/Documents/GitHub/Reel-Rhythm2/Content/VFX_FishingSpot/Components/RadialDisk.ubulk" 291
"C:/Users/Aliss/Documents/GitHub/Reel-Rhythm2/Content/VFX_FishingSpot/Components/RadialDisk.uasset" 292
"C:/Users/Aliss/Documents/GitHub/Reel-Rhythm2/Content/VFX_FishingSpot/Components/RadialDisk.uexp" 293
"C:/Users/Aliss/Documents/GitHub/Reel-Rhythm2/Content/VFX_FishingSpot/Components/M_MovingTextureCylinder.uasset" 294
"C:/Users/Aliss/Documents/GitHub/Reel-Rhythm2/Content/VFX_FishingSpot/Components/M_MovingTextureCylinder.uexp" 295
"C:/Users/Aliss/Documents/GitHub/Reel-Rhythm2/Content/VFX_FishingSpot/Components/MI_Cylinder.uasset" 296
"C:/Users/Aliss/Documents/GitHub/Reel-Rhythm2/Content/VFX_FishingSpot/Components/MI_Cylinder.uexp" 297
"C:/Users/Aliss/Documents/GitHub/Reel-Rhythm2/Content/VFX_FishingSpot/Components/RadialCylinder.ubulk" 298
"C:/Users/Aliss/Documents/GitHub/Reel-Rhythm2/Content/VFX_FishingSpot/Components/RadialCylinder.uasset" 299
"C:/Users/Aliss/Documents/GitHub/Reel-Rhythm2/Content/VFX_FishingSpot/Components/RadialCylinder.uexp" 300
"../../../Engine/Content/EngineMeshes/Sphere.ubulk" 301
"../../../Engine/Content/EngineMeshes/Sphere.uasset" 302
"../../../Engine/Content/EngineMeshes/Sphere.uexp" 303
"C:/Users/Aliss/Documents/GitHub/Reel-Rhythm2/Content/VFX_FishingSpot/Components/M_Bubble.uasset" 304
"C:/Users/Aliss/Documents/GitHub/Reel-Rhythm2/Content/VFX_FishingSpot/Components/M_Bubble.uexp" 305
"C:/Users/Aliss/Documents/GitHub/Reel-Rhythm2/Content/VFX_FishingSpot/Components/MI_Bubble.uasset" 306
"C:/Users/Aliss/Documents/GitHub/Reel-Rhythm2/Content/VFX_FishingSpot/Components/MI_Bubble.uexp" 307
"C:/Users/Aliss/Documents/GitHub/Reel-Rhythm2/Content/VFX_FishingSpot/Components/NS_Bubbles.uasset" 308
"C:/Users/Aliss/Documents/GitHub/Reel-Rhythm2/Content/VFX_FishingSpot/Components/NS_Bubbles.uexp" 309
"C:/Users/Aliss/Documents/GitHub/Reel-Rhythm2/Content/VFX_FishingSpot/BP_FishingSpot.uasset" 310
"C:/Users/Aliss/Documents/GitHub/Reel-Rhythm2/Content/VFX_FishingSpot/BP_FishingSpot.uexp" 311
"C:/Users/Aliss/Documents/GitHub/Reel-Rhythm2/Content/FishInfo/FishData.uasset" 312
"C:/Users/Aliss/Documents/GitHub/Reel-Rhythm2/Content/FishInfo/FishData.uexp" 313
"../../../Engine/Content/EngineMaterials/T_Default_Material_Grid_M.ubulk" 314
"../../../Engine/Content/EngineMaterials/T_Default_Material_Grid_M.uasset" 315
"../../../Engine/Content/EngineMaterials/T_Default_Material_Grid_M.uexp" 316
"../../../Engine/Content/Functions/Engine_MaterialFunctions01/Opacity/CameraDepthFade.uasset" 317
"../../../Engine/Content/Functions/Engine_MaterialFunctions01/Opacity/CameraDepthFade.uexp" 318
"../../../Engine/Content/EngineMaterials/T_Default_Material_Grid_N.ubulk" 319
"../../../Engine/Content/EngineMaterials/T_Default_Material_Grid_N.uasset" 320
"../../../Engine/Content/EngineMaterials/T_Default_Material_Grid_N.uexp" 321
"../../../Engine/Content/EngineMaterials/WorldGridMaterial.uasset" 322
"../../../Engine/Content/EngineMaterials/WorldGridMaterial.uexp" 323
"C:/Users/Aliss/Documents/GitHub/Reel-Rhythm2/Content/Fish/Clown/Model/clownM.uasset" 324
"C:/Users/Aliss/Documents/GitHub/Reel-Rhythm2/Content/Fish/Clown/Model/clownM.uexp" 325
"C:/Users/Aliss/Documents/GitHub/Reel-Rhythm2/Content/Fish/Clown/Model/Body.ubulk" 326
"C:/Users/Aliss/Documents/GitHub/Reel-Rhythm2/Content/Fish/Clown/Model/Body.uasset" 327
"C:/Users/Aliss/Documents/GitHub/Reel-Rhythm2/Content/Fish/Clown/Model/Body.uexp" 328
"C:/Users/Aliss/Documents/GitHub/Reel-Rhythm2/Content/bEAM/BP_SpawnFish.uasset" 329
"C:/Users/Aliss/Documents/GitHub/Reel-Rhythm2/Content/bEAM/BP_SpawnFish.uexp" 330
"C:/Users/Aliss/Documents/GitHub/Reel-Rhythm2/Content/Sounds+Music/You_have_freed_him.ubulk" 331
"C:/Users/Aliss/Documents/GitHub/Reel-Rhythm2/Content/Sounds+Music/You_have_freed_him.uasset" 332
"C:/Users/Aliss/Documents/GitHub/Reel-Rhythm2/Content/Sounds+Music/You_have_freed_him.uexp" 333
"C:/Users/Aliss/Documents/GitHub/Reel-Rhythm2/Content/Sounds+Music/your-plastic-bucket-is-full-of-water-142159.ubulk" 334
"C:/Users/Aliss/Documents/GitHub/Reel-Rhythm2/Content/Sounds+Music/your-plastic-bucket-is-full-of-water-142159.uasset" 335
"C:/Users/Aliss/Documents/GitHub/Reel-Rhythm2/Content/Sounds+Music/your-plastic-bucket-is-full-of-water-142159.uexp" 336
"C:/Users/Aliss/Documents/GitHub/Reel-Rhythm2/Content/Sounds+Music/wrong-47985.ubulk" 337
"C:/Users/Aliss/Documents/GitHub/Reel-Rhythm2/Content/Sounds+Music/wrong-47985.uasset" 338
"C:/Users/Aliss/Documents/GitHub/Reel-Rhythm2/Content/Sounds+Music/wrong-47985.uexp" 339
"C:/Users/Aliss/Documents/GitHub/Reel-Rhythm2/Content/Sounds+Music/twig-snapping-92285.ubulk" 340
"C:/Users/Aliss/Documents/GitHub/Reel-Rhythm2/Content/Sounds+Music/twig-snapping-92285.uasset" 341
"C:/Users/Aliss/Documents/GitHub/Reel-Rhythm2/Content/Sounds+Music/twig-snapping-92285.uexp" 342
"C:/Users/Aliss/Documents/GitHub/Reel-Rhythm2/Content/Sounds+Music/scream-grind-chord-c4-e4-ab4-d5-84850.ubulk" 343
"C:/Users/Aliss/Documents/GitHub/Reel-Rhythm2/Content/Sounds+Music/scream-grind-chord-c4-e4-ab4-d5-84850.uasset" 344
"C:/Users/Aliss/Documents/GitHub/Reel-Rhythm2/Content/Sounds+Music/scream-grind-chord-c4-e4-ab4-d5-84850.uexp" 345
"C:/Users/Aliss/Documents/GitHub/Reel-Rhythm2/Content/Sounds+Music/equip-sound-272428.ubulk" 346
"C:/Users/Aliss/Documents/GitHub/Reel-Rhythm2/Content/Sounds+Music/equip-sound-272428.uasset" 347
"C:/Users/Aliss/Documents/GitHub/Reel-Rhythm2/Content/Sounds+Music/equip-sound-272428.uexp" 348
"C:/Users/Aliss/Documents/GitHub/Reel-Rhythm2/Content/RhythmGameComponents/MusicTracks.uasset" 349
"C:/Users/Aliss/Documents/GitHub/Reel-Rhythm2/Content/RhythmGameComponents/MusicTracks.uexp" 350
"C:/Users/Aliss/Documents/GitHub/Reel-Rhythm2/Content/Sounds+Music/Music/ytmp3free_cc_spongebob-stinky-sound-effect-youtubemp3free_org.ubulk" 351
"C:/Users/Aliss/Documents/GitHub/Reel-Rhythm2/Content/Sounds+Music/Music/ytmp3free_cc_spongebob-stinky-sound-effect-youtubemp3free_org.uasset" 352
"C:/Users/Aliss/Documents/GitHub/Reel-Rhythm2/Content/Sounds+Music/Music/ytmp3free_cc_spongebob-stinky-sound-effect-youtubemp3free_org.uexp" 353
"C:/Users/Aliss/Documents/GitHub/Reel-Rhythm2/Content/Sounds+Music/Music/rare_audio.ubulk" 354
"C:/Users/Aliss/Documents/GitHub/Reel-Rhythm2/Content/Sounds+Music/Music/rare_audio.uasset" 355
"C:/Users/Aliss/Documents/GitHub/Reel-Rhythm2/Content/Sounds+Music/Music/rare_audio.uexp" 356
"C:/Users/Aliss/Documents/GitHub/Reel-Rhythm2/Content/Sounds+Music/Music/Trash-20251129T042133Z-1-001/Trash/Trash_1.ubulk" 357
"C:/Users/Aliss/Documents/GitHub/Reel-Rhythm2/Content/Sounds+Music/Music/Trash-20251129T042133Z-1-001/Trash/Trash_1.uasset" 358
"C:/Users/Aliss/Documents/GitHub/Reel-Rhythm2/Content/Sounds+Music/Music/Trash-20251129T042133Z-1-001/Trash/Trash_1.uexp" 359
"C:/Users/Aliss/Documents/GitHub/Reel-Rhythm2/Content/Sounds+Music/Music/Trash-20251129T042133Z-1-001/Trash/Trash_2.ubulk" 360
"C:/Users/Aliss/Documents/GitHub/Reel-Rhythm2/Content/Sounds+Music/Music/Trash-20251129T042133Z-1-001/Trash/Trash_2.uasset" 361
"C:/Users/Aliss/Documents/GitHub/Reel-Rhythm2/Content/Sounds+Music/Music/Trash-20251129T042133Z-1-001/Trash/Trash_2.uexp" 362
"C:/Users/Aliss/Documents/GitHub/Reel-Rhythm2/Content/Sounds+Music/Music/Trash-20251129T042133Z-1-001/Trash/Trash_3.ubulk" 363
"C:/Users/Aliss/Documents/GitHub/Reel-Rhythm2/Content/Sounds+Music/Music/Trash-20251129T042133Z-1-001/Trash/Trash_3.uasset" 364
"C:/Users/Aliss/Documents/GitHub/Reel-Rhythm2/Content/Sounds+Music/Music/Trash-20251129T042133Z-1-001/Trash/Trash_3.uexp" 365
"C:/Users/Aliss/Documents/GitHub/Reel-Rhythm2/Content/Sounds+Music/Music/Cave-20251129T042131Z-1-001/Cave/Cave_1.ubulk" 366
"C:/Users/Aliss/Documents/GitHub/Reel-Rhythm2/Content/Sounds+Music/Music/Cave-20251129T042131Z-1-001/Cave/Cave_1.uasset" 367
"C:/Users/Aliss/Documents/GitHub/Reel-Rhythm2/Content/Sounds+Music/Music/Cave-20251129T042131Z-1-001/Cave/Cave_1.uexp" 368
"C:/Users/Aliss/Documents/GitHub/Reel-Rhythm2/Content/Sounds+Music/Music/Cave-20251129T042131Z-1-001/Cave/Cave_2.ubulk" 369
"C:/Users/Aliss/Documents/GitHub/Reel-Rhythm2/Content/Sounds+Music/Music/Cave-20251129T042131Z-1-001/Cave/Cave_2.uasset" 370
"C:/Users/Aliss/Documents/GitHub/Reel-Rhythm2/Content/Sounds+Music/Music/Cave-20251129T042131Z-1-001/Cave/Cave_2.uexp" 371
"C:/Users/Aliss/Documents/GitHub/Reel-Rhythm2/Content/Sounds+Music/Music/Cave-20251129T042131Z-1-001/Cave/Cave_3.ubulk" 372
"C:/Users/Aliss/Documents/GitHub/Reel-Rhythm2/Content/Sounds+Music/Music/Cave-20251129T042131Z-1-001/Cave/Cave_3.uasset" 373
"C:/Users/Aliss/Documents/GitHub/Reel-Rhythm2/Content/Sounds+Music/Music/Cave-20251129T042131Z-1-001/Cave/Cave_3.uexp" 374
"C:/Users/Aliss/Documents/GitHub/Reel-Rhythm2/Content/Sounds+Music/Music/Cave-20251129T042131Z-1-001/Cave/Cave_Rain/Cave_Rain_1.ubulk" 375
"C:/Users/Aliss/Documents/GitHub/Reel-Rhythm2/Content/Sounds+Music/Music/Cave-20251129T042131Z-1-001/Cave/Cave_Rain/Cave_Rain_1.uasset" 376
"C:/Users/Aliss/Documents/GitHub/Reel-Rhythm2/Content/Sounds+Music/Music/Cave-20251129T042131Z-1-001/Cave/Cave_Rain/Cave_Rain_1.uexp" 377
"C:/Users/Aliss/Documents/GitHub/Reel-Rhythm2/Content/Sounds+Music/Music/Cave-20251129T042131Z-1-001/Cave/Cave_Rain/Cave_Rain_2.ubulk" 378
"C:/Users/Aliss/Documents/GitHub/Reel-Rhythm2/Content/Sounds+Music/Music/Cave-20251129T042131Z-1-001/Cave/Cave_Rain/Cave_Rain_2.uasset" 379
"C:/Users/Aliss/Documents/GitHub/Reel-Rhythm2/Content/Sounds+Music/Music/Cave-20251129T042131Z-1-001/Cave/Cave_Rain/Cave_Rain_2.uexp" 380
"C:/Users/Aliss/Documents/GitHub/Reel-Rhythm2/Content/Sounds+Music/Music/Cave-20251129T042131Z-1-001/Cave/Cave_Rain/Cave_Rain_3.ubulk" 381
"C:/Users/Aliss/Documents/GitHub/Reel-Rhythm2/Content/Sounds+Music/Music/Cave-20251129T042131Z-1-001/Cave/Cave_Rain/Cave_Rain_3.uasset" 382
"C:/Users/Aliss/Documents/GitHub/Reel-Rhythm2/Content/Sounds+Music/Music/Cave-20251129T042131Z-1-001/Cave/Cave_Rain/Cave_Rain_3.uexp" 383
"C:/Users/Aliss/Documents/GitHub/Reel-Rhythm2/Content/Sounds+Music/Music/Beach-20251129T042124Z-1-001/Beach/Beach_1.ubulk" 384
"C:/Users/Aliss/Documents/GitHub/Reel-Rhythm2/Content/Sounds+Music/Music/Beach-20251129T042124Z-1-001/Beach/Beach_1.uasset" 385
"C:/Users/Aliss/Documents/GitHub/Reel-Rhythm2/Content/Sounds+Music/Music/Beach-20251129T042124Z-1-001/Beach/Beach_1.uexp" 386
"C:/Users/Aliss/Documents/GitHub/Reel-Rhythm2/Content/Sounds+Music/Music/Beach-20251129T042124Z-1-001/Beach/Beach_2.ubulk" 387
"C:/Users/Aliss/Documents/GitHub/Reel-Rhythm2/Content/Sounds+Music/Music/Beach-20251129T042124Z-1-001/Beach/Beach_2.uasset" 388
"C:/Users/Aliss/Documents/GitHub/Reel-Rhythm2/Content/Sounds+Music/Music/Beach-20251129T042124Z-1-001/Beach/Beach_2.uexp" 389
"C:/Users/Aliss/Documents/GitHub/Reel-Rhythm2/Content/Sounds+Music/Music/Beach-20251129T042124Z-1-001/Beach/Beach_3.ubulk" 390
"C:/Users/Aliss/Documents/GitHub/Reel-Rhythm2/Content/Sounds+Music/Music/Beach-20251129T042124Z-1-001/Beach/Beach_3.uasset" 391
"C:/Users/Aliss/Documents/GitHub/Reel-Rhythm2/Content/Sounds+Music/Music/Beach-20251129T042124Z-1-001/Beach/Beach_3.uexp" 392
"C:/Users/Aliss/Documents/GitHub/Reel-Rhythm2/Content/Sounds+Music/Music/Beach-20251129T042124Z-1-001/Beach/Beach_Rain/Beach_Rain_1.ubulk" 393
"C:/Users/Aliss/Documents/GitHub/Reel-Rhythm2/Content/Sounds+Music/Music/Beach-20251129T042124Z-1-001/Beach/Beach_Rain/Beach_Rain_1.uasset" 394
"C:/Users/Aliss/Documents/GitHub/Reel-Rhythm2/Content/Sounds+Music/Music/Beach-20251129T042124Z-1-001/Beach/Beach_Rain/Beach_Rain_1.uexp" 395
"C:/Users/Aliss/Documents/GitHub/Reel-Rhythm2/Content/Sounds+Music/Music/Beach-20251129T042124Z-1-001/Beach/Beach_Rain/Beach_Rain_2.ubulk" 396
"C:/Users/Aliss/Documents/GitHub/Reel-Rhythm2/Content/Sounds+Music/Music/Beach-20251129T042124Z-1-001/Beach/Beach_Rain/Beach_Rain_2.uasset" 397
"C:/Users/Aliss/Documents/GitHub/Reel-Rhythm2/Content/Sounds+Music/Music/Beach-20251129T042124Z-1-001/Beach/Beach_Rain/Beach_Rain_2.uexp" 398
"C:/Users/Aliss/Documents/GitHub/Reel-Rhythm2/Content/Sounds+Music/Music/Beach-20251129T042124Z-1-001/Beach/Beach_Rain/Beach_Rain_3.ubulk" 399
"C:/Users/Aliss/Documents/GitHub/Reel-Rhythm2/Content/Sounds+Music/Music/Beach-20251129T042124Z-1-001/Beach/Beach_Rain/Beach_Rain_3.uasset" 400
"C:/Users/Aliss/Documents/GitHub/Reel-Rhythm2/Content/Sounds+Music/Music/Beach-20251129T042124Z-1-001/Beach/Beach_Rain/Beach_Rain_3.uexp" 401
"C:/Users/Aliss/Documents/GitHub/Reel-Rhythm2/Content/RhythmGameComponents/MusicTrackSelector.uasset" 402
"C:/Users/Aliss/Documents/GitHub/Reel-Rhythm2/Content/RhythmGameComponents/MusicTrackSelector.uexp" 403
"C:/Users/Aliss/Documents/GitHub/Reel-Rhythm2/Content/FishInfo/LureData.uasset" 404
"C:/Users/Aliss/Documents/GitHub/Reel-Rhythm2/Content/FishInfo/LureData.uexp" 405
"C:/Users/Aliss/Documents/GitHub/Reel-Rhythm2/Content/FishInfo/LureTable.uasset" 406
"C:/Users/Aliss/Documents/GitHub/Reel-Rhythm2/Content/FishInfo/LureTable.uexp" 407
"../../../Engine/Content/EngineMaterials/DefaultDiffuse.ubulk" 408
"../../../Engine/Content/EngineMaterials/DefaultDiffuse.uasset" 409
"../../../Engine/Content/EngineMaterials/DefaultDiffuse.uexp" 410
"../../../Engine/Plugins/Bridge/Content/MSPresets/MSTextures/BlackPlaceholder.uasset" 411
"../../../Engine/Plugins/Bridge/Content/MSPresets/MSTextures/BlackPlaceholder.uexp" 412
"../../../Engine/Plugins/Bridge/Content/MSPresets/MSTextures/Placeholder_Normal.uasset" 413
"../../../Engine/Plugins/Bridge/Content/MSPresets/MSTextures/Placeholder_Normal.uexp" 414
"../../../Engine/Plugins/Bridge/Content/MSPresets/MSTextures/WhitePlaceholder.uasset" 415
"../../../Engine/Plugins/Bridge/Content/MSPresets/MSTextures/WhitePlaceholder.uexp" 416
"../../../Engine/Plugins/Bridge/Content/MSPresets/M_MS_Default_Material/Functions/MF_ObjAdjustments.uasset" 417
"../../../Engine/Plugins/Bridge/Content/MSPresets/M_MS_Default_Material/Functions/MF_ObjAdjustments.uexp" 418
"C:/Users/Aliss/Documents/GitHub/Reel-Rhythm2/Content/MSPresets/M_MS_Default_Material/M_MS_Default_Material.uasset" 419
"C:/Users/Aliss/Documents/GitHub/Reel-Rhythm2/Content/MSPresets/M_MS_Default_Material/M_MS_Default_Material.uexp" 420
"C:/Users/Aliss/Documents/GitHub/Reel-Rhythm2/Content/Megascans/3D_Assets/Toy_Car_ujxefiwva/T_Toy_Car_ujxefiwva_2K_N.ubulk" 421
"C:/Users/Aliss/Documents/GitHub/Reel-Rhythm2/Content/Megascans/3D_Assets/Toy_Car_ujxefiwva/T_Toy_Car_ujxefiwva_2K_N.uasset" 422
"C:/Users/Aliss/Documents/GitHub/Reel-Rhythm2/Content/Megascans/3D_Assets/Toy_Car_ujxefiwva/T_Toy_Car_ujxefiwva_2K_N.uexp" 423
"C:/Users/Aliss/Documents/GitHub/Reel-Rhythm2/Content/Megascans/3D_Assets/Toy_Car_ujxefiwva/T_Toy_Car_ujxefiwva_2K_D.ubulk" 424
"C:/Users/Aliss/Documents/GitHub/Reel-Rhythm2/Content/Megascans/3D_Assets/Toy_Car_ujxefiwva/T_Toy_Car_ujxefiwva_2K_D.uasset" 425
"C:/Users/Aliss/Documents/GitHub/Reel-Rhythm2/Content/Megascans/3D_Assets/Toy_Car_ujxefiwva/T_Toy_Car_ujxefiwva_2K_D.uexp" 426
"C:/Users/Aliss/Documents/GitHub/Reel-Rhythm2/Content/Megascans/3D_Assets/Toy_Car_ujxefiwva/T_ToyCar_ujxefiwva_2K_DpR.ubulk" 427
"C:/Users/Aliss/Documents/GitHub/Reel-Rhythm2/Content/Megascans/3D_Assets/Toy_Car_ujxefiwva/T_ToyCar_ujxefiwva_2K_DpR.uasset" 428
"C:/Users/Aliss/Documents/GitHub/Reel-Rhythm2/Content/Megascans/3D_Assets/Toy_Car_ujxefiwva/T_ToyCar_ujxefiwva_2K_DpR.uexp" 429
"C:/Users/Aliss/Documents/GitHub/Reel-Rhythm2/Content/Megascans/3D_Assets/Toy_Car_ujxefiwva/MI_Toy_Car_ujxefiwva_2K.uasset" 430
"C:/Users/Aliss/Documents/GitHub/Reel-Rhythm2/Content/Megascans/3D_Assets/Toy_Car_ujxefiwva/MI_Toy_Car_ujxefiwva_2K.uexp" 431
"C:/Users/Aliss/Documents/GitHub/Reel-Rhythm2/Content/Megascans/3D_Assets/Toy_Car_ujxefiwva/S_Toy_Car_ujxefiwva_lod3_Var1.ubulk" 432
"C:/Users/Aliss/Documents/GitHub/Reel-Rhythm2/Content/Megascans/3D_Assets/Toy_Car_ujxefiwva/S_Toy_Car_ujxefiwva_lod3_Var1.uasset" 433
"C:/Users/Aliss/Documents/GitHub/Reel-Rhythm2/Content/Megascans/3D_Assets/Toy_Car_ujxefiwva/S_Toy_Car_ujxefiwva_lod3_Var1.uexp" 434
"C:/Users/Aliss/Documents/GitHub/Reel-Rhythm2/Content/Fish/Clown/Textures/ClownPale/MClown_Lo_M_Mclowna_BaseColor.ubulk" 435
"C:/Users/Aliss/Documents/GitHub/Reel-Rhythm2/Content/Fish/Clown/Textures/ClownPale/MClown_Lo_M_Mclowna_BaseColor.uasset" 436
"C:/Users/Aliss/Documents/GitHub/Reel-Rhythm2/Content/Fish/Clown/Textures/ClownPale/MClown_Lo_M_Mclowna_BaseColor.uexp" 437
"C:/Users/Aliss/Documents/GitHub/Reel-Rhythm2/Content/Fish/Clown/Textures/ClownDark/MClown_Lo_M_MclownDark_Roughness.ubulk" 438
"C:/Users/Aliss/Documents/GitHub/Reel-Rhythm2/Content/Fish/Clown/Textures/ClownDark/MClown_Lo_M_MclownDark_Roughness.uasset" 439
"C:/Users/Aliss/Documents/GitHub/Reel-Rhythm2/Content/Fish/Clown/Textures/ClownDark/MClown_Lo_M_MclownDark_Roughness.uexp" 440
"C:/Users/Aliss/Documents/GitHub/Reel-Rhythm2/Content/Fish/Clown/Textures/ClownDark/MClown_Lo_M_MclownDark_Normal.ubulk" 441
"C:/Users/Aliss/Documents/GitHub/Reel-Rhythm2/Content/Fish/Clown/Textures/ClownDark/MClown_Lo_M_MclownDark_Normal.uasset" 442
"C:/Users/Aliss/Documents/GitHub/Reel-Rhythm2/Content/Fish/Clown/Textures/ClownDark/MClown_Lo_M_MclownDark_Normal.uexp" 443
"C:/Users/Aliss/Documents/GitHub/Reel-Rhythm2/Content/Fish/Clown/Textures/ClownDark/MClown_Lo_M_MclownDark_Metallic.ubulk" 444
"C:/Users/Aliss/Documents/GitHub/Reel-Rhythm2/Content/Fish/Clown/Textures/ClownDark/MClown_Lo_M_MclownDark_Metallic.uasset" 445
"C:/Users/Aliss/Documents/GitHub/Reel-Rhythm2/Content/Fish/Clown/Textures/ClownDark/MClown_Lo_M_MclownDark_Metallic.uexp" 446
"C:/Users/Aliss/Documents/GitHub/Reel-Rhythm2/Content/Fish/Clown/Materials/M_MourningJoker.uasset" 447
"C:/Users/Aliss/Documents/GitHub/Reel-Rhythm2/Content/Fish/Clown/Materials/M_MourningJoker.uexp" 448
"C:/Users/Aliss/Documents/GitHub/Reel-Rhythm2/Content/Fish/Clown/Model/CF_MourningJoker2.ubulk" 449
"C:/Users/Aliss/Documents/GitHub/Reel-Rhythm2/Content/Fish/Clown/Model/CF_MourningJoker2.uasset" 450
"C:/Users/Aliss/Documents/GitHub/Reel-Rhythm2/Content/Fish/Clown/Model/CF_MourningJoker2.uexp" 451
"C:/Users/Aliss/Documents/GitHub/Reel-Rhythm2/Content/FishImages/PufferfishPhoto.uasset" 452
"C:/Users/Aliss/Documents/GitHub/Reel-Rhythm2/Content/FishImages/PufferfishPhoto.uexp" 453
"C:/Users/Aliss/Documents/GitHub/Reel-Rhythm2/Content/FishImages/EelPhoto.uasset" 454
"C:/Users/Aliss/Documents/GitHub/Reel-Rhythm2/Content/FishImages/EelPhoto.uexp" 455
"C:/Users/Aliss/Documents/GitHub/Reel-Rhythm2/Content/FishImages/ClownfishPhoto.uasset" 456
"C:/Users/Aliss/Documents/GitHub/Reel-Rhythm2/Content/FishImages/ClownfishPhoto.uexp" 457
"C:/Users/Aliss/Documents/GitHub/Reel-Rhythm2/Content/Fish/Eel/Textures/Small/eel_redo_lo_Eel_Small_Roughness.ubulk" 458
"C:/Users/Aliss/Documents/GitHub/Reel-Rhythm2/Content/Fish/Eel/Textures/Small/eel_redo_lo_Eel_Small_Roughness.uasset" 459
"C:/Users/Aliss/Documents/GitHub/Reel-Rhythm2/Content/Fish/Eel/Textures/Small/eel_redo_lo_Eel_Small_Roughness.uexp" 460
"C:/Users/Aliss/Documents/GitHub/Reel-Rhythm2/Content/Fish/Eel/Textures/Small/eel_redo_lo_Eel_Small_Normal.ubulk" 461
"C:/Users/Aliss/Documents/GitHub/Reel-Rhythm2/Content/Fish/Eel/Textures/Small/eel_redo_lo_Eel_Small_Normal.uasset" 462
"C:/Users/Aliss/Documents/GitHub/Reel-Rhythm2/Content/Fish/Eel/Textures/Small/eel_redo_lo_Eel_Small_Normal.uexp" 463
"C:/Users/Aliss/Documents/GitHub/Reel-Rhythm2/Content/Fish/Eel/Textures/Small/eel_redo_lo_Eel_Small_Metallic.ubulk" 464
"C:/Users/Aliss/Documents/GitHub/Reel-Rhythm2/Content/Fish/Eel/Textures/Small/eel_redo_lo_Eel_Small_Metallic.uasset" 465
"C:/Users/Aliss/Documents/GitHub/Reel-Rhythm2/Content/Fish/Eel/Textures/Small/eel_redo_lo_Eel_Small_Metallic.uexp" 466
"C:/Users/Aliss/Documents/GitHub/Reel-Rhythm2/Content/Fish/Eel/Textures/Small/eel_redo_lo_Eel_Small_BaseColor.ubulk" 467
"C:/Users/Aliss/Documents/GitHub/Reel-Rhythm2/Content/Fish/Eel/Textures/Small/eel_redo_lo_Eel_Small_BaseColor.uasset" 468
"C:/Users/Aliss/Documents/GitHub/Reel-Rhythm2/Content/Fish/Eel/Textures/Small/eel_redo_lo_Eel_Small_BaseColor.uexp" 469
"C:/Users/Aliss/Documents/GitHub/Reel-Rhythm2/Content/Fish/Eel/M_ParchmentEel.uasset" 470
"C:/Users/Aliss/Documents/GitHub/Reel-Rhythm2/Content/Fish/Eel/M_ParchmentEel.uexp" 471
"C:/Users/Aliss/Documents/GitHub/Reel-Rhythm2/Content/Fish/Eel/Eel_ParchmentEel.ubulk" 472
"C:/Users/Aliss/Documents/GitHub/Reel-Rhythm2/Content/Fish/Eel/Eel_ParchmentEel.uasset" 473
"C:/Users/Aliss/Documents/GitHub/Reel-Rhythm2/Content/Fish/Eel/Eel_ParchmentEel.uexp" 474
"C:/Users/Aliss/Documents/GitHub/Reel-Rhythm2/Content/Fish/Eel/Textures/Cave/eel_redo_lo_Eel_Cave_BaseColor.ubulk" 475
"C:/Users/Aliss/Documents/GitHub/Reel-Rhythm2/Content/Fish/Eel/Textures/Cave/eel_redo_lo_Eel_Cave_BaseColor.uasset" 476
"C:/Users/Aliss/Documents/GitHub/Reel-Rhythm2/Content/Fish/Eel/Textures/Cave/eel_redo_lo_Eel_Cave_BaseColor.uexp" 477
"C:/Users/Aliss/Documents/GitHub/Reel-Rhythm2/Content/Fish/Eel/M_ThunderMoray.uasset" 478
"C:/Users/Aliss/Documents/GitHub/Reel-Rhythm2/Content/Fish/Eel/M_ThunderMoray.uexp" 479
"C:/Users/Aliss/Documents/GitHub/Reel-Rhythm2/Content/Fish/Eel/Eel_ThunderMoray.ubulk" 480
"C:/Users/Aliss/Documents/GitHub/Reel-Rhythm2/Content/Fish/Eel/Eel_ThunderMoray.uasset" 481
"C:/Users/Aliss/Documents/GitHub/Reel-Rhythm2/Content/Fish/Eel/Eel_ThunderMoray.uexp" 482
"C:/Users/Aliss/Documents/GitHub/Reel-Rhythm2/Content/Fish/Eel/Textures/Pale/eel_redo_lo_Eel_Pale_BaseColor.ubulk" 483
"C:/Users/Aliss/Documents/GitHub/Reel-Rhythm2/Content/Fish/Eel/Textures/Pale/eel_redo_lo_Eel_Pale_BaseColor.uasset" 484
"C:/Users/Aliss/Documents/GitHub/Reel-Rhythm2/Content/Fish/Eel/Textures/Pale/eel_redo_lo_Eel_Pale_BaseColor.uexp" 485
"C:/Users/Aliss/Documents/GitHub/Reel-Rhythm2/Content/Fish/Eel/M_SugarshellSideSwimmer.uasset" 486
"C:/Users/Aliss/Documents/GitHub/Reel-Rhythm2/Content/Fish/Eel/M_SugarshellSideSwimmer.uexp" 487
"C:/Users/Aliss/Documents/GitHub/Reel-Rhythm2/Content/Fish/Eel/Eel_SugarShellSideSwimmer.ubulk" 488
"C:/Users/Aliss/Documents/GitHub/Reel-Rhythm2/Content/Fish/Eel/Eel_SugarShellSideSwimmer.uasset" 489
"C:/Users/Aliss/Documents/GitHub/Reel-Rhythm2/Content/Fish/Eel/Eel_SugarShellSideSwimmer.uexp" 490
"C:/Users/Aliss/Documents/GitHub/Reel-Rhythm2/Content/Fish/Eel/Textures/Lagoon/eel_redo_lo_Eel_Lagoon_BaseColor.ubulk" 491
"C:/Users/Aliss/Documents/GitHub/Reel-Rhythm2/Content/Fish/Eel/Textures/Lagoon/eel_redo_lo_Eel_Lagoon_BaseColor.uasset" 492
"C:/Users/Aliss/Documents/GitHub/Reel-Rhythm2/Content/Fish/Eel/Textures/Lagoon/eel_redo_lo_Eel_Lagoon_BaseColor.uexp" 493
"C:/Users/Aliss/Documents/GitHub/Reel-Rhythm2/Content/Fish/Eel/M_CoralTwineWyrm.uasset" 494
"C:/Users/Aliss/Documents/GitHub/Reel-Rhythm2/Content/Fish/Eel/M_CoralTwineWyrm.uexp" 495
"C:/Users/Aliss/Documents/GitHub/Reel-Rhythm2/Content/Fish/Eel/Eel_CoralTwineWyrm.ubulk" 496
"C:/Users/Aliss/Documents/GitHub/Reel-Rhythm2/Content/Fish/Eel/Eel_CoralTwineWyrm.uasset" 497
"C:/Users/Aliss/Documents/GitHub/Reel-Rhythm2/Content/Fish/Eel/Eel_CoralTwineWyrm.uexp" 498
"C:/Users/Aliss/Documents/GitHub/Reel-Rhythm2/Content/Fish/Eel/Textures/Dark/eel_redo_lo_Eel_Dark_BaseColor.ubulk" 499
"C:/Users/Aliss/Documents/GitHub/Reel-Rhythm2/Content/Fish/Eel/Textures/Dark/eel_redo_lo_Eel_Dark_BaseColor.uasset" 500
"C:/Users/Aliss/Documents/GitHub/Reel-Rhythm2/Content/Fish/Eel/Textures/Dark/eel_redo_lo_Eel_Dark_BaseColor.uexp" 501
"C:/Users/Aliss/Documents/GitHub/Reel-Rhythm2/Content/Fish/Eel/M_BlackLicorice.uasset" 502
"C:/Users/Aliss/Documents/GitHub/Reel-Rhythm2/Content/Fish/Eel/M_BlackLicorice.uexp" 503
"C:/Users/Aliss/Documents/GitHub/Reel-Rhythm2/Content/Fish/Eel/Eel_BlackLicorice.ubulk" 504
"C:/Users/Aliss/Documents/GitHub/Reel-Rhythm2/Content/Fish/Eel/Eel_BlackLicorice.uasset" 505
"C:/Users/Aliss/Documents/GitHub/Reel-Rhythm2/Content/Fish/Eel/Eel_BlackLicorice.uexp" 506
"C:/Users/Aliss/Documents/GitHub/Reel-Rhythm2/Content/bEAM/M_Cylindermesh.uasset" 507
"C:/Users/Aliss/Documents/GitHub/Reel-Rhythm2/Content/bEAM/M_Cylindermesh.uexp" 508
"C:/Users/Aliss/Documents/GitHub/Reel-Rhythm2/Content/bEAM/VerticalBeamCylinder.ubulk" 509
"C:/Users/Aliss/Documents/GitHub/Reel-Rhythm2/Content/bEAM/VerticalBeamCylinder.uasset" 510
"C:/Users/Aliss/Documents/GitHub/Reel-Rhythm2/Content/bEAM/VerticalBeamCylinder.uexp" 511
"../../../Engine/Plugins/FX/Niagara/Content/DefaultAssets/M_Gnomon_Alpha.uasset" 512
"../../../Engine/Plugins/FX/Niagara/Content/DefaultAssets/M_Gnomon_Alpha.uexp" 513
"C:/Users/Aliss/Documents/GitHub/Reel-Rhythm2/Content/bEAM/Voronoi_basecolor.ubulk" 514
"C:/Users/Aliss/Documents/GitHub/Reel-Rhythm2/Content/bEAM/Voronoi_basecolor.uasset" 515
"C:/Users/Aliss/Documents/GitHub/Reel-Rhythm2/Content/bEAM/Voronoi_basecolor.uexp" 516
"../../../Engine/Content/Functions/Engine_MaterialFunctions02/Utility/AppendMany.uasset" 517
"../../../Engine/Content/Functions/Engine_MaterialFunctions02/Utility/AppendMany.uexp" 518
"C:/Users/Aliss/Documents/GitHub/Reel-Rhythm2/Content/bEAM/M_Voronoi.uasset" 519
"C:/Users/Aliss/Documents/GitHub/Reel-Rhythm2/Content/bEAM/M_Voronoi.uexp" 520
"C:/Users/Aliss/Documents/GitHub/Reel-Rhythm2/Content/bEAM/MI_Voronoi.uasset" 521
"C:/Users/Aliss/Documents/GitHub/Reel-Rhythm2/Content/bEAM/MI_Voronoi.uexp" 522
"C:/Users/Aliss/Documents/GitHub/Reel-Rhythm2/Content/bEAM/M_fresnel.uasset" 523
"C:/Users/Aliss/Documents/GitHub/Reel-Rhythm2/Content/bEAM/M_fresnel.uexp" 524
"C:/Users/Aliss/Documents/GitHub/Reel-Rhythm2/Content/bEAM/MI_Fresnel.uasset" 525
"C:/Users/Aliss/Documents/GitHub/Reel-Rhythm2/Content/bEAM/MI_Fresnel.uexp" 526
"C:/Users/Aliss/Documents/GitHub/Reel-Rhythm2/Content/bEAM/BeamVFX.ubulk" 527
"C:/Users/Aliss/Documents/GitHub/Reel-Rhythm2/Content/bEAM/BeamVFX.uasset" 528
"C:/Users/Aliss/Documents/GitHub/Reel-Rhythm2/Content/bEAM/BeamVFX.uexp" 529
"C:/Users/Aliss/Documents/GitHub/Reel-Rhythm2/Content/bEAM/NS_Common.uasset" 530
"C:/Users/Aliss/Documents/GitHub/Reel-Rhythm2/Content/bEAM/NS_Common.uexp" 531
"C:/Users/Aliss/Documents/GitHub/Reel-Rhythm2/Content/bEAM/NS_Exotic.uasset" 532
"C:/Users/Aliss/Documents/GitHub/Reel-Rhythm2/Content/bEAM/NS_Exotic.uexp" 533
"C:/Users/Aliss/Documents/GitHub/Reel-Rhythm2/Content/bEAM/NS_Rare.uasset" 534
"C:/Users/Aliss/Documents/GitHub/Reel-Rhythm2/Content/bEAM/NS_Rare.uexp" 535
"C:/Users/Aliss/Documents/GitHub/Reel-Rhythm2/Content/bEAM/NS_Uncommon.uasset" 536
"C:/Users/Aliss/Documents/GitHub/Reel-Rhythm2/Content/bEAM/NS_Uncommon.uexp" 537
"C:/Users/Aliss/Documents/GitHub/Reel-Rhythm2/Content/Fish/Clown/Textures/ClownDark/MClown_Lo_M_MclownDark_BaseColor.ubulk" 538
"C:/Users/Aliss/Documents/GitHub/Reel-Rhythm2/Content/Fish/Clown/Textures/ClownDark/MClown_Lo_M_MclownDark_BaseColor.uasset" 539
"C:/Users/Aliss/Documents/GitHub/Reel-Rhythm2/Content/Fish/Clown/Textures/ClownDark/MClown_Lo_M_MclownDark_BaseColor.uexp" 540
"C:/Users/Aliss/Documents/GitHub/Reel-Rhythm2/Content/Fish/Clown/Materials/M_BlackMarbleDartfish.uasset" 541
"C:/Users/Aliss/Documents/GitHub/Reel-Rhythm2/Content/Fish/Clown/Materials/M_BlackMarbleDartfish.uexp" 542
"C:/Users/Aliss/Documents/GitHub/Reel-Rhythm2/Content/Fish/Clown/Model/CF_BlackMarbleDartfish2.ubulk" 543
"C:/Users/Aliss/Documents/GitHub/Reel-Rhythm2/Content/Fish/Clown/Model/CF_BlackMarbleDartfish2.uasset" 544
"C:/Users/Aliss/Documents/GitHub/Reel-Rhythm2/Content/Fish/Clown/Model/CF_BlackMarbleDartfish2.uexp" 545
"C:/Users/Aliss/Documents/GitHub/Reel-Rhythm2/Content/Fish/Clown/Textures/ClownSnow/MClown_Lo_M_Mclownsnow_BaseColor.ubulk" 546
"C:/Users/Aliss/Documents/GitHub/Reel-Rhythm2/Content/Fish/Clown/Textures/ClownSnow/MClown_Lo_M_Mclownsnow_BaseColor.uasset" 547
"C:/Users/Aliss/Documents/GitHub/Reel-Rhythm2/Content/Fish/Clown/Textures/ClownSnow/MClown_Lo_M_Mclownsnow_BaseColor.uexp" 548
"C:/Users/Aliss/Documents/GitHub/Reel-Rhythm2/Content/Fish/Clown/Materials/M_BlizzardBuffoonFish.uasset" 549
"C:/Users/Aliss/Documents/GitHub/Reel-Rhythm2/Content/Fish/Clown/Materials/M_BlizzardBuffoonFish.uexp" 550
"C:/Users/Aliss/Documents/GitHub/Reel-Rhythm2/Content/Fish/Clown/Model/CF_BlizzardBuffoonFish2.ubulk" 551
"C:/Users/Aliss/Documents/GitHub/Reel-Rhythm2/Content/Fish/Clown/Model/CF_BlizzardBuffoonFish2.uasset" 552
"C:/Users/Aliss/Documents/GitHub/Reel-Rhythm2/Content/Fish/Clown/Model/CF_BlizzardBuffoonFish2.uexp" 553
"C:/Users/Aliss/Documents/GitHub/Reel-Rhythm2/Content/Fish/Clown/Textures/ClownTrans/MClown_Lo_M_Mclowntrans_BaseColor.ubulk" 554
"C:/Users/Aliss/Documents/GitHub/Reel-Rhythm2/Content/Fish/Clown/Textures/ClownTrans/MClown_Lo_M_Mclowntrans_BaseColor.uasset" 555
"C:/Users/Aliss/Documents/GitHub/Reel-Rhythm2/Content/Fish/Clown/Textures/ClownTrans/MClown_Lo_M_Mclowntrans_BaseColor.uexp" 556
"C:/Users/Aliss/Documents/GitHub/Reel-Rhythm2/Content/Fish/Clown/Materials/M_GlyareJesterfish.uasset" 557
"C:/Users/Aliss/Documents/GitHub/Reel-Rhythm2/Content/Fish/Clown/Materials/M_GlyareJesterfish.uexp" 558
"C:/Users/Aliss/Documents/GitHub/Reel-Rhythm2/Content/Fish/Clown/Model/CF_GlyareJesterfish2.ubulk" 559
"C:/Users/Aliss/Documents/GitHub/Reel-Rhythm2/Content/Fish/Clown/Model/CF_GlyareJesterfish2.uasset" 560
"C:/Users/Aliss/Documents/GitHub/Reel-Rhythm2/Content/Fish/Clown/Model/CF_GlyareJesterfish2.uexp" 561
"C:/Users/Aliss/Documents/GitHub/Reel-Rhythm2/Content/Fish/Clown/Textures/ClownMaroon/MClown_Lo_M_MclownMaroon_BaseColor.ubulk" 562
"C:/Users/Aliss/Documents/GitHub/Reel-Rhythm2/Content/Fish/Clown/Textures/ClownMaroon/MClown_Lo_M_MclownMaroon_BaseColor.uasset" 563
"C:/Users/Aliss/Documents/GitHub/Reel-Rhythm2/Content/Fish/Clown/Textures/ClownMaroon/MClown_Lo_M_MclownMaroon_BaseColor.uexp" 564
"C:/Users/Aliss/Documents/GitHub/Reel-Rhythm2/Content/Fish/Clown/Materials/M_MaulredHarlequin.uasset" 565
"C:/Users/Aliss/Documents/GitHub/Reel-Rhythm2/Content/Fish/Clown/Materials/M_MaulredHarlequin.uexp" 566
"C:/Users/Aliss/Documents/GitHub/Reel-Rhythm2/Content/Fish/Clown/Model/CF_MaulredHarlequin2.ubulk" 567
"C:/Users/Aliss/Documents/GitHub/Reel-Rhythm2/Content/Fish/Clown/Model/CF_MaulredHarlequin2.uasset" 568
"C:/Users/Aliss/Documents/GitHub/Reel-Rhythm2/Content/Fish/Clown/Model/CF_MaulredHarlequin2.uexp" 569
"C:/Users/Aliss/Documents/GitHub/Reel-Rhythm2/Content/Fish/Stingray/Textures/DrakesEyes/stingray_lo_m_Ocean_BaseColor.ubulk" 570
"C:/Users/Aliss/Documents/GitHub/Reel-Rhythm2/Content/Fish/Stingray/Textures/DrakesEyes/stingray_lo_m_Ocean_BaseColor.uasset" 571
"C:/Users/Aliss/Documents/GitHub/Reel-Rhythm2/Content/Fish/Stingray/Textures/DrakesEyes/stingray_lo_m_Ocean_BaseColor.uexp" 572
"C:/Users/Aliss/Documents/GitHub/Reel-Rhythm2/Content/Fish/Stingray/Textures/CringingPygmySkate/stingray_lo_m_Small_Roughness.ubulk" 573
"C:/Users/Aliss/Documents/GitHub/Reel-Rhythm2/Content/Fish/Stingray/Textures/CringingPygmySkate/stingray_lo_m_Small_Roughness.uasset" 574
"C:/Users/Aliss/Documents/GitHub/Reel-Rhythm2/Content/Fish/Stingray/Textures/CringingPygmySkate/stingray_lo_m_Small_Roughness.uexp" 575
"C:/Users/Aliss/Documents/GitHub/Reel-Rhythm2/Content/Fish/Stingray/Textures/CringingPygmySkate/stingray_lo_m_Small_Normal.ubulk" 576
"C:/Users/Aliss/Documents/GitHub/Reel-Rhythm2/Content/Fish/Stingray/Textures/CringingPygmySkate/stingray_lo_m_Small_Normal.uasset" 577
"C:/Users/Aliss/Documents/GitHub/Reel-Rhythm2/Content/Fish/Stingray/Textures/CringingPygmySkate/stingray_lo_m_Small_Normal.uexp" 578
"C:/Users/Aliss/Documents/GitHub/Reel-Rhythm2/Content/Fish/Stingray/Textures/CringingPygmySkate/stingray_lo_m_Small_Metallic.ubulk" 579
"C:/Users/Aliss/Documents/GitHub/Reel-Rhythm2/Content/Fish/Stingray/Textures/CringingPygmySkate/stingray_lo_m_Small_Metallic.uasset" 580
"C:/Users/Aliss/Documents/GitHub/Reel-Rhythm2/Content/Fish/Stingray/Textures/CringingPygmySkate/stingray_lo_m_Small_Metallic.uexp" 581
"C:/Users/Aliss/Documents/GitHub/Reel-Rhythm2/Content/Fish/Stingray/M_DrakeEyes.uasset" 582
"C:/Users/Aliss/Documents/GitHub/Reel-Rhythm2/Content/Fish/Stingray/M_DrakeEyes.uexp" 583
"C:/Users/Aliss/Documents/GitHub/Reel-Rhythm2/Content/Fish/Stingray/SR_DrakeEyes.ubulk" 584
"C:/Users/Aliss/Documents/GitHub/Reel-Rhythm2/Content/Fish/Stingray/SR_DrakeEyes.uasset" 585
"C:/Users/Aliss/Documents/GitHub/Reel-Rhythm2/Content/Fish/Stingray/SR_DrakeEyes.uexp" 586
"C:/Users/Aliss/Documents/GitHub/Reel-Rhythm2/Content/Fish/Stingray/Textures/CringingPygmySkate/stingray_lo_m_Small_BaseColor.ubulk" 587
"C:/Users/Aliss/Documents/GitHub/Reel-Rhythm2/Content/Fish/Stingray/Textures/CringingPygmySkate/stingray_lo_m_Small_BaseColor.uasset" 588
"C:/Users/Aliss/Documents/GitHub/Reel-Rhythm2/Content/Fish/Stingray/Textures/CringingPygmySkate/stingray_lo_m_Small_BaseColor.uexp" 589
"C:/Users/Aliss/Documents/GitHub/Reel-Rhythm2/Content/Fish/Stingray/M_CringingPygmy.uasset" 590
"C:/Users/Aliss/Documents/GitHub/Reel-Rhythm2/Content/Fish/Stingray/M_CringingPygmy.uexp" 591
"C:/Users/Aliss/Documents/GitHub/Reel-Rhythm2/Content/Fish/Stingray/SR_CringingPygmySkate.ubulk" 592
"C:/Users/Aliss/Documents/GitHub/Reel-Rhythm2/Content/Fish/Stingray/SR_CringingPygmySkate.uasset" 593
"C:/Users/Aliss/Documents/GitHub/Reel-Rhythm2/Content/Fish/Stingray/SR_CringingPygmySkate.uexp" 594
"C:/Users/Aliss/Documents/GitHub/Reel-Rhythm2/Content/Fish/Stingray/Textures/Northrop/stingray_lo_m_Dark_BaseColor.ubulk" 595
"C:/Users/Aliss/Documents/GitHub/Reel-Rhythm2/Content/Fish/Stingray/Textures/Northrop/stingray_lo_m_Dark_BaseColor.uasset" 596
"C:/Users/Aliss/Documents/GitHub/Reel-Rhythm2/Content/Fish/Stingray/Textures/Northrop/stingray_lo_m_Dark_BaseColor.uexp" 597
"C:/Users/Aliss/Documents/GitHub/Reel-Rhythm2/Content/Fish/Stingray/M_Northrop.uasset" 598
"C:/Users/Aliss/Documents/GitHub/Reel-Rhythm2/Content/Fish/Stingray/M_Northrop.uexp" 599
"C:/Users/Aliss/Documents/GitHub/Reel-Rhythm2/Content/Fish/Stingray/SR_Northrop.ubulk" 600
"C:/Users/Aliss/Documents/GitHub/Reel-Rhythm2/Content/Fish/Stingray/SR_Northrop.uasset" 601
"C:/Users/Aliss/Documents/GitHub/Reel-Rhythm2/Content/Fish/Stingray/SR_Northrop.uexp" 602
"C:/Users/Aliss/Documents/GitHub/Reel-Rhythm2/Content/bEAM/toycarhascome2.ubulk" 603
"C:/Users/Aliss/Documents/GitHub/Reel-Rhythm2/Content/bEAM/toycarhascome2.uasset" 604
"C:/Users/Aliss/Documents/GitHub/Reel-Rhythm2/Content/bEAM/toycarhascome2.uexp" 605
"C:/Users/Aliss/Documents/GitHub/Reel-Rhythm2/Content/bEAM/NS_ToyCar.uasset" 606
"C:/Users/Aliss/Documents/GitHub/Reel-Rhythm2/Content/bEAM/NS_ToyCar.uexp" 607
"C:/Users/Aliss/Documents/GitHub/Reel-Rhythm2/Content/Fish/Bass/Textures/CoalEater/bass_lo_m_Dark_Roughness.ubulk" 608
"C:/Users/Aliss/Documents/GitHub/Reel-Rhythm2/Content/Fish/Bass/Textures/CoalEater/bass_lo_m_Dark_Roughness.uasset" 609
"C:/Users/Aliss/Documents/GitHub/Reel-Rhythm2/Content/Fish/Bass/Textures/CoalEater/bass_lo_m_Dark_Roughness.uexp" 610
"C:/Users/Aliss/Documents/GitHub/Reel-Rhythm2/Content/Fish/Bass/Textures/CoalEater/bass_lo_m_Dark_Normal.ubulk" 611
"C:/Users/Aliss/Documents/GitHub/Reel-Rhythm2/Content/Fish/Bass/Textures/CoalEater/bass_lo_m_Dark_Normal.uasset" 612
"C:/Users/Aliss/Documents/GitHub/Reel-Rhythm2/Content/Fish/Bass/Textures/CoalEater/bass_lo_m_Dark_Normal.uexp" 613
"C:/Users/Aliss/Documents/GitHub/Reel-Rhythm2/Content/Fish/Bass/Textures/CoalEater/bass_lo_m_Dark_Metallic.ubulk" 614
"C:/Users/Aliss/Documents/GitHub/Reel-Rhythm2/Content/Fish/Bass/Textures/CoalEater/bass_lo_m_Dark_Metallic.uasset" 615
"C:/Users/Aliss/Documents/GitHub/Reel-Rhythm2/Content/Fish/Bass/Textures/CoalEater/bass_lo_m_Dark_Metallic.uexp" 616
"C:/Users/Aliss/Documents/GitHub/Reel-Rhythm2/Content/Fish/Bass/Textures/CoalEater/bass_lo_m_Dark_BaseColor.ubulk" 617
"C:/Users/Aliss/Documents/GitHub/Reel-Rhythm2/Content/Fish/Bass/Textures/CoalEater/bass_lo_m_Dark_BaseColor.uasset" 618
"C:/Users/Aliss/Documents/GitHub/Reel-Rhythm2/Content/Fish/Bass/Textures/CoalEater/bass_lo_m_Dark_BaseColor.uexp" 619
"C:/Users/Aliss/Documents/GitHub/Reel-Rhythm2/Content/Fish/Bass/M_CoalEater.uasset" 620
"C:/Users/Aliss/Documents/GitHub/Reel-Rhythm2/Content/Fish/Bass/M_CoalEater.uexp" 621
"C:/Users/Aliss/Documents/GitHub/Reel-Rhythm2/Content/Fish/Bass/Bass_CoalEater.ubulk" 622
"C:/Users/Aliss/Documents/GitHub/Reel-Rhythm2/Content/Fish/Bass/Bass_CoalEater.uasset" 623
"C:/Users/Aliss/Documents/GitHub/Reel-Rhythm2/Content/Fish/Bass/Bass_CoalEater.uexp" 624
"C:/Users/Aliss/Documents/GitHub/Reel-Rhythm2/Content/Fish/Bass/Textures/CrimsonChomper/bass_lo_m_Maroon_BaseColor.ubulk" 625
"C:/Users/Aliss/Documents/GitHub/Reel-Rhythm2/Content/Fish/Bass/Textures/CrimsonChomper/bass_lo_m_Maroon_BaseColor.uasset" 626
"C:/Users/Aliss/Documents/GitHub/Reel-Rhythm2/Content/Fish/Bass/Textures/CrimsonChomper/bass_lo_m_Maroon_BaseColor.uexp" 627
"C:/Users/Aliss/Documents/GitHub/Reel-Rhythm2/Content/Fish/Bass/M_CrimsonChomper.uasset" 628
"C:/Users/Aliss/Documents/GitHub/Reel-Rhythm2/Content/Fish/Bass/M_CrimsonChomper.uexp" 629
"C:/Users/Aliss/Documents/GitHub/Reel-Rhythm2/Content/Fish/Bass/Bass_CrimsonChomper.ubulk" 630
"C:/Users/Aliss/Documents/GitHub/Reel-Rhythm2/Content/Fish/Bass/Bass_CrimsonChomper.uasset" 631
"C:/Users/Aliss/Documents/GitHub/Reel-Rhythm2/Content/Fish/Bass/Bass_CrimsonChomper.uexp" 632
"C:/Users/Aliss/Documents/GitHub/Reel-Rhythm2/Content/Fish/Bass/Bass_Rumrice.ubulk" 633
"C:/Users/Aliss/Documents/GitHub/Reel-Rhythm2/Content/Fish/Bass/Bass_Rumrice.uasset" 634
"C:/Users/Aliss/Documents/GitHub/Reel-Rhythm2/Content/Fish/Bass/Bass_Rumrice.uexp" 635
"C:/Users/Aliss/Documents/GitHub/Reel-Rhythm2/Content/Fish/Jelly/Textures/AndromedaNettle/jelly_lo_m_Dark_Roughness.ubulk" 636
"C:/Users/Aliss/Documents/GitHub/Reel-Rhythm2/Content/Fish/Jelly/Textures/AndromedaNettle/jelly_lo_m_Dark_Roughness.uasset" 637
"C:/Users/Aliss/Documents/GitHub/Reel-Rhythm2/Content/Fish/Jelly/Textures/AndromedaNettle/jelly_lo_m_Dark_Roughness.uexp" 638
"C:/Users/Aliss/Documents/GitHub/Reel-Rhythm2/Content/Fish/Jelly/Textures/AndromedaNettle/jelly_lo_m_Dark_Normal.ubulk" 639
"C:/Users/Aliss/Documents/GitHub/Reel-Rhythm2/Content/Fish/Jelly/Textures/AndromedaNettle/jelly_lo_m_Dark_Normal.uasset" 640
"C:/Users/Aliss/Documents/GitHub/Reel-Rhythm2/Content/Fish/Jelly/Textures/AndromedaNettle/jelly_lo_m_Dark_Normal.uexp" 641
"C:/Users/Aliss/Documents/GitHub/Reel-Rhythm2/Content/Fish/Jelly/Textures/AndromedaNettle/jelly_lo_m_Dark_Metallic.ubulk" 642
"C:/Users/Aliss/Documents/GitHub/Reel-Rhythm2/Content/Fish/Jelly/Textures/AndromedaNettle/jelly_lo_m_Dark_Metallic.uasset" 643
"C:/Users/Aliss/Documents/GitHub/Reel-Rhythm2/Content/Fish/Jelly/Textures/AndromedaNettle/jelly_lo_m_Dark_Metallic.uexp" 644
"C:/Users/Aliss/Documents/GitHub/Reel-Rhythm2/Content/Fish/Jelly/Textures/AndromedaNettle/jelly_lo_m_Dark_Emissive.ubulk" 645
"C:/Users/Aliss/Documents/GitHub/Reel-Rhythm2/Content/Fish/Jelly/Textures/AndromedaNettle/jelly_lo_m_Dark_Emissive.uasset" 646
"C:/Users/Aliss/Documents/GitHub/Reel-Rhythm2/Content/Fish/Jelly/Textures/AndromedaNettle/jelly_lo_m_Dark_Emissive.uexp" 647
"C:/Users/Aliss/Documents/GitHub/Reel-Rhythm2/Content/Fish/Jelly/Textures/AndromedaNettle/jelly_lo_m_Dark_BaseColor.ubulk" 648
"C:/Users/Aliss/Documents/GitHub/Reel-Rhythm2/Content/Fish/Jelly/Textures/AndromedaNettle/jelly_lo_m_Dark_BaseColor.uasset" 649
"C:/Users/Aliss/Documents/GitHub/Reel-Rhythm2/Content/Fish/Jelly/Textures/AndromedaNettle/jelly_lo_m_Dark_BaseColor.uexp" 650
"C:/Users/Aliss/Documents/GitHub/Reel-Rhythm2/Content/Fish/Jelly/M_AndromedaNettle.uasset" 651
"C:/Users/Aliss/Documents/GitHub/Reel-Rhythm2/Content/Fish/Jelly/M_AndromedaNettle.uexp" 652
"C:/Users/Aliss/Documents/GitHub/Reel-Rhythm2/Content/Fish/Jelly/Jelly_AndromedaNettle.ubulk" 653
"C:/Users/Aliss/Documents/GitHub/Reel-Rhythm2/Content/Fish/Jelly/Jelly_AndromedaNettle.uasset" 654
"C:/Users/Aliss/Documents/GitHub/Reel-Rhythm2/Content/Fish/Jelly/Jelly_AndromedaNettle.uexp" 655
"C:/Users/Aliss/Documents/GitHub/Reel-Rhythm2/Content/Fish/Jelly/Textures/Lunalite/jelly_lo_m_Snow_Emissive.ubulk" 656
"C:/Users/Aliss/Documents/GitHub/Reel-Rhythm2/Content/Fish/Jelly/Textures/Lunalite/jelly_lo_m_Snow_Emissive.uasset" 657
"C:/Users/Aliss/Documents/GitHub/Reel-Rhythm2/Content/Fish/Jelly/Textures/Lunalite/jelly_lo_m_Snow_Emissive.uexp" 658
"C:/Users/Aliss/Documents/GitHub/Reel-Rhythm2/Content/Fish/Jelly/Textures/Lunalite/jelly_lo_m_Snow_BaseColor.ubulk" 659
"C:/Users/Aliss/Documents/GitHub/Reel-Rhythm2/Content/Fish/Jelly/Textures/Lunalite/jelly_lo_m_Snow_BaseColor.uasset" 660
"C:/Users/Aliss/Documents/GitHub/Reel-Rhythm2/Content/Fish/Jelly/Textures/Lunalite/jelly_lo_m_Snow_BaseColor.uexp" 661
"C:/Users/Aliss/Documents/GitHub/Reel-Rhythm2/Content/Fish/Jelly/M_Lunalite.uasset" 662
"C:/Users/Aliss/Documents/GitHub/Reel-Rhythm2/Content/Fish/Jelly/M_Lunalite.uexp" 663
"C:/Users/Aliss/Documents/GitHub/Reel-Rhythm2/Content/Fish/Jelly/Jelly_Lunalite.ubulk" 664
"C:/Users/Aliss/Documents/GitHub/Reel-Rhythm2/Content/Fish/Jelly/Jelly_Lunalite.uasset" 665
"C:/Users/Aliss/Documents/GitHub/Reel-Rhythm2/Content/Fish/Jelly/Jelly_Lunalite.uexp" 666
"C:/Users/Aliss/Documents/GitHub/Reel-Rhythm2/Content/Fish/Jelly/Textures/NeptunesCrown/jelly_lo_m_Ocean_Emissive.ubulk" 667
"C:/Users/Aliss/Documents/GitHub/Reel-Rhythm2/Content/Fish/Jelly/Textures/NeptunesCrown/jelly_lo_m_Ocean_Emissive.uasset" 668
"C:/Users/Aliss/Documents/GitHub/Reel-Rhythm2/Content/Fish/Jelly/Textures/NeptunesCrown/jelly_lo_m_Ocean_Emissive.uexp" 669
"C:/Users/Aliss/Documents/GitHub/Reel-Rhythm2/Content/Fish/Jelly/Textures/NeptunesCrown/jelly_lo_m_Ocean_BaseColor.ubulk" 670
"C:/Users/Aliss/Documents/GitHub/Reel-Rhythm2/Content/Fish/Jelly/Textures/NeptunesCrown/jelly_lo_m_Ocean_BaseColor.uasset" 671
"C:/Users/Aliss/Documents/GitHub/Reel-Rhythm2/Content/Fish/Jelly/Textures/NeptunesCrown/jelly_lo_m_Ocean_BaseColor.uexp" 672
"C:/Users/Aliss/Documents/GitHub/Reel-Rhythm2/Content/Fish/Jelly/M_NeptunesCrown.uasset" 673
"C:/Users/Aliss/Documents/GitHub/Reel-Rhythm2/Content/Fish/Jelly/M_NeptunesCrown.uexp" 674
"C:/Users/Aliss/Documents/GitHub/Reel-Rhythm2/Content/Fish/Jelly/Jelly_NeptunesCrown.ubulk" 675
"C:/Users/Aliss/Documents/GitHub/Reel-Rhythm2/Content/Fish/Jelly/Jelly_NeptunesCrown.uasset" 676
"C:/Users/Aliss/Documents/GitHub/Reel-Rhythm2/Content/Fish/Jelly/Jelly_NeptunesCrown.uexp" 677
"C:/Users/Aliss/Documents/GitHub/Reel-Rhythm2/Content/Fish/Pufferfish/Textures/GeodeOrbfish/puffer_lo_m_PufferCave_Roughness.ubulk" 678
"C:/Users/Aliss/Documents/GitHub/Reel-Rhythm2/Content/Fish/Pufferfish/Textures/GeodeOrbfish/puffer_lo_m_PufferCave_Roughness.uasset" 679
"C:/Users/Aliss/Documents/GitHub/Reel-Rhythm2/Content/Fish/Pufferfish/Textures/GeodeOrbfish/puffer_lo_m_PufferCave_Roughness.uexp" 680
"C:/Users/Aliss/Documents/GitHub/Reel-Rhythm2/Content/Fish/Pufferfish/Textures/GeodeOrbfish/puffer_lo_m_PufferCave_Normal.ubulk" 681
"C:/Users/Aliss/Documents/GitHub/Reel-Rhythm2/Content/Fish/Pufferfish/Textures/GeodeOrbfish/puffer_lo_m_PufferCave_Normal.uasset" 682
"C:/Users/Aliss/Documents/GitHub/Reel-Rhythm2/Content/Fish/Pufferfish/Textures/GeodeOrbfish/puffer_lo_m_PufferCave_Normal.uexp" 683
"C:/Users/Aliss/Documents/GitHub/Reel-Rhythm2/Content/Fish/Pufferfish/Textures/GeodeOrbfish/puffer_lo_m_PufferCave_Metallic.ubulk" 684
"C:/Users/Aliss/Documents/GitHub/Reel-Rhythm2/Content/Fish/Pufferfish/Textures/GeodeOrbfish/puffer_lo_m_PufferCave_Metallic.uasset" 685
"C:/Users/Aliss/Documents/GitHub/Reel-Rhythm2/Content/Fish/Pufferfish/Textures/GeodeOrbfish/puffer_lo_m_PufferCave_Metallic.uexp" 686
"C:/Users/Aliss/Documents/GitHub/Reel-Rhythm2/Content/Fish/Pufferfish/Textures/GeodeOrbfish/puffer_lo_m_PufferCave_BaseColor.ubulk" 687
"C:/Users/Aliss/Documents/GitHub/Reel-Rhythm2/Content/Fish/Pufferfish/Textures/GeodeOrbfish/puffer_lo_m_PufferCave_BaseColor.uasset" 688
"C:/Users/Aliss/Documents/GitHub/Reel-Rhythm2/Content/Fish/Pufferfish/Textures/GeodeOrbfish/puffer_lo_m_PufferCave_BaseColor.uexp" 689
"C:/Users/Aliss/Documents/GitHub/Reel-Rhythm2/Content/Fish/Pufferfish/M_GeodeOrbfish.uasset" 690
"C:/Users/Aliss/Documents/GitHub/Reel-Rhythm2/Content/Fish/Pufferfish/M_GeodeOrbfish.uexp" 691
"C:/Users/Aliss/Documents/GitHub/Reel-Rhythm2/Content/Fish/Pufferfish/PF_GeodeOrbfish.ubulk" 692
"C:/Users/Aliss/Documents/GitHub/Reel-Rhythm2/Content/Fish/Pufferfish/PF_GeodeOrbfish.uasset" 693
"C:/Users/Aliss/Documents/GitHub/Reel-Rhythm2/Content/Fish/Pufferfish/PF_GeodeOrbfish.uexp" 694
"C:/Users/Aliss/Documents/GitHub/Reel-Rhythm2/Content/Fish/Pufferfish/Textures/Lentil/puffer_lo_m_PufferSmall_BaseColor.ubulk" 695
"C:/Users/Aliss/Documents/GitHub/Reel-Rhythm2/Content/Fish/Pufferfish/Textures/Lentil/puffer_lo_m_PufferSmall_BaseColor.uasset" 696
"C:/Users/Aliss/Documents/GitHub/Reel-Rhythm2/Content/Fish/Pufferfish/Textures/Lentil/puffer_lo_m_PufferSmall_BaseColor.uexp" 697
"C:/Users/Aliss/Documents/GitHub/Reel-Rhythm2/Content/Fish/Pufferfish/M_Lentil.uasset" 698
"C:/Users/Aliss/Documents/GitHub/Reel-Rhythm2/Content/Fish/Pufferfish/M_Lentil.uexp" 699
"C:/Users/Aliss/Documents/GitHub/Reel-Rhythm2/Content/Fish/Pufferfish/PF_Lentil.ubulk" 700
"C:/Users/Aliss/Documents/GitHub/Reel-Rhythm2/Content/Fish/Pufferfish/PF_Lentil.uasset" 701
"C:/Users/Aliss/Documents/GitHub/Reel-Rhythm2/Content/Fish/Pufferfish/PF_Lentil.uexp" 702
"C:/Users/Aliss/Documents/GitHub/Reel-Rhythm2/Content/Fish/Pufferfish/Textures/Razorbeak/puffer_lo_m_PufferOcean_BaseColor.ubulk" 703
"C:/Users/Aliss/Documents/GitHub/Reel-Rhythm2/Content/Fish/Pufferfish/Textures/Razorbeak/puffer_lo_m_PufferOcean_BaseColor.uasset" 704
"C:/Users/Aliss/Documents/GitHub/Reel-Rhythm2/Content/Fish/Pufferfish/Textures/Razorbeak/puffer_lo_m_PufferOcean_BaseColor.uexp" 705
"C:/Users/Aliss/Documents/GitHub/Reel-Rhythm2/Content/Fish/Pufferfish/M_Razorbeak.uasset" 706
"C:/Users/Aliss/Documents/GitHub/Reel-Rhythm2/Content/Fish/Pufferfish/M_Razorbeak.uexp" 707
"C:/Users/Aliss/Documents/GitHub/Reel-Rhythm2/Content/Fish/Pufferfish/PF_Razorbeak.ubulk" 708
"C:/Users/Aliss/Documents/GitHub/Reel-Rhythm2/Content/Fish/Pufferfish/PF_Razorbeak.uasset" 709
"C:/Users/Aliss/Documents/GitHub/Reel-Rhythm2/Content/Fish/Pufferfish/PF_Razorbeak.uexp" 710
"C:/Users/Aliss/Documents/GitHub/Reel-Rhythm2/Content/Fish/Stingray/Textures/PebbleshineSkate/stingray_lo_m_Cave_BaseColor.ubulk" 711
"C:/Users/Aliss/Documents/GitHub/Reel-Rhythm2/Content/Fish/Stingray/Textures/PebbleshineSkate/stingray_lo_m_Cave_BaseColor.uasset" 712
"C:/Users/Aliss/Documents/GitHub/Reel-Rhythm2/Content/Fish/Stingray/Textures/PebbleshineSkate/stingray_lo_m_Cave_BaseColor.uexp" 713
"C:/Users/Aliss/Documents/GitHub/Reel-Rhythm2/Content/Fish/Stingray/M_Pebbleshine.uasset" 714
"C:/Users/Aliss/Documents/GitHub/Reel-Rhythm2/Content/Fish/Stingray/M_Pebbleshine.uexp" 715
"C:/Users/Aliss/Documents/GitHub/Reel-Rhythm2/Content/Fish/Stingray/SR_Pebbleshine.ubulk" 716
"C:/Users/Aliss/Documents/GitHub/Reel-Rhythm2/Content/Fish/Stingray/SR_Pebbleshine.uasset" 717
"C:/Users/Aliss/Documents/GitHub/Reel-Rhythm2/Content/Fish/Stingray/SR_Pebbleshine.uexp" 718
"C:/Users/Aliss/Documents/GitHub/Reel-Rhythm2/Content/Fish/Stingray/Textures/WhiteWidow/stingray_lo_m_Pale_BaseColor.ubulk" 719
"C:/Users/Aliss/Documents/GitHub/Reel-Rhythm2/Content/Fish/Stingray/Textures/WhiteWidow/stingray_lo_m_Pale_BaseColor.uasset" 720
"C:/Users/Aliss/Documents/GitHub/Reel-Rhythm2/Content/Fish/Stingray/Textures/WhiteWidow/stingray_lo_m_Pale_BaseColor.uexp" 721
"C:/Users/Aliss/Documents/GitHub/Reel-Rhythm2/Content/Fish/Stingray/M_WhiteWidow.uasset" 722
"C:/Users/Aliss/Documents/GitHub/Reel-Rhythm2/Content/Fish/Stingray/M_WhiteWidow.uexp" 723
"C:/Users/Aliss/Documents/GitHub/Reel-Rhythm2/Content/Fish/Stingray/SR_WhiteWidow.ubulk" 724
"C:/Users/Aliss/Documents/GitHub/Reel-Rhythm2/Content/Fish/Stingray/SR_WhiteWidow.uasset" 725
"C:/Users/Aliss/Documents/GitHub/Reel-Rhythm2/Content/Fish/Stingray/SR_WhiteWidow.uexp" 726
"C:/Users/Aliss/Documents/GitHub/Reel-Rhythm2/Content/FishInfo/BaseFishDataTable.uasset" 727
"C:/Users/Aliss/Documents/GitHub/Reel-Rhythm2/Content/FishInfo/BaseFishDataTable.uexp" 728
"C:/Users/Aliss/Documents/GitHub/Reel-Rhythm2/Content/RhythmGameComponents/WBP_NewFishingMinigame.uasset" 729
"C:/Users/Aliss/Documents/GitHub/Reel-Rhythm2/Content/RhythmGameComponents/WBP_NewFishingMinigame.uexp" 730
"C:/Users/Aliss/Documents/GitHub/Reel-Rhythm2/Content/BP_FishTrigger.uasset" 731
"C:/Users/Aliss/Documents/GitHub/Reel-Rhythm2/Content/BP_FishTrigger.uexp" 732
"C:/Users/Aliss/Documents/GitHub/Reel-Rhythm2/Content/Sounds+Music/book-opening-345808.ubulk" 733
"C:/Users/Aliss/Documents/GitHub/Reel-Rhythm2/Content/Sounds+Music/book-opening-345808.uasset" 734
"C:/Users/Aliss/Documents/GitHub/Reel-Rhythm2/Content/Sounds+Music/book-opening-345808.uexp" 735
"C:/Users/Aliss/Documents/GitHub/Reel-Rhythm2/Content/Jordy/NewImport_use_/Jordy_Character_Anim_Skeleton.uasset" 736
"C:/Users/Aliss/Documents/GitHub/Reel-Rhythm2/Content/Jordy/NewImport_use_/Jordy_Character_Anim_Skeleton.uexp" 737
"C:/Users/Aliss/Documents/GitHub/Reel-Rhythm2/Content/Jordy/NewImport_use_/Jordy_Character_Anim_PhysicsAsset1.uasset" 738
"C:/Users/Aliss/Documents/GitHub/Reel-Rhythm2/Content/Jordy/NewImport_use_/Jordy_Character_Anim_PhysicsAsset1.uexp" 739
"C:/Users/Aliss/Documents/GitHub/Reel-Rhythm2/Content/Jordy/Textures/jordy_lo_JordyFG_Roughness.ubulk" 740
"C:/Users/Aliss/Documents/GitHub/Reel-Rhythm2/Content/Jordy/Textures/jordy_lo_JordyFG_Roughness.uasset" 741
"C:/Users/Aliss/Documents/GitHub/Reel-Rhythm2/Content/Jordy/Textures/jordy_lo_JordyFG_Roughness.uexp" 742
"C:/Users/Aliss/Documents/GitHub/Reel-Rhythm2/Content/Jordy/Textures/jordy_lo_JordyFG_Normal.ubulk" 743
"C:/Users/Aliss/Documents/GitHub/Reel-Rhythm2/Content/Jordy/Textures/jordy_lo_JordyFG_Normal.uasset" 744
"C:/Users/Aliss/Documents/GitHub/Reel-Rhythm2/Content/Jordy/Textures/jordy_lo_JordyFG_Normal.uexp" 745
"C:/Users/Aliss/Documents/GitHub/Reel-Rhythm2/Content/Jordy/Textures/jordy_lo_JordyFG_Metallic.ubulk" 746
"C:/Users/Aliss/Documents/GitHub/Reel-Rhythm2/Content/Jordy/Textures/jordy_lo_JordyFG_Metallic.uasset" 747
"C:/Users/Aliss/Documents/GitHub/Reel-Rhythm2/Content/Jordy/Textures/jordy_lo_JordyFG_Metallic.uexp" 748
"C:/Users/Aliss/Documents/GitHub/Reel-Rhythm2/Content/Jordy/Textures/jordy_lo_JordyFG_Height.ubulk" 749
"C:/Users/Aliss/Documents/GitHub/Reel-Rhythm2/Content/Jordy/Textures/jordy_lo_JordyFG_Height.uasset" 750
"C:/Users/Aliss/Documents/GitHub/Reel-Rhythm2/Content/Jordy/Textures/jordy_lo_JordyFG_Height.uexp" 751
"C:/Users/Aliss/Documents/GitHub/Reel-Rhythm2/Content/Jordy/Textures/jordy_lo_JordyFG_BaseColor.ubulk" 752
"C:/Users/Aliss/Documents/GitHub/Reel-Rhythm2/Content/Jordy/Textures/jordy_lo_JordyFG_BaseColor.uasset" 753
"C:/Users/Aliss/Documents/GitHub/Reel-Rhythm2/Content/Jordy/Textures/jordy_lo_JordyFG_BaseColor.uexp" 754
"C:/Users/Aliss/Documents/GitHub/Reel-Rhythm2/Content/Jordy/NewImport_use_/JordyFG.uasset" 755
"C:/Users/Aliss/Documents/GitHub/Reel-Rhythm2/Content/Jordy/NewImport_use_/JordyFG.uexp" 756
"C:/Users/Aliss/Documents/GitHub/Reel-Rhythm2/Content/Jordy/Textures/jordy_lo_Backpack_Roughness.ubulk" 757
"C:/Users/Aliss/Documents/GitHub/Reel-Rhythm2/Content/Jordy/Textures/jordy_lo_Backpack_Roughness.uasset" 758
"C:/Users/Aliss/Documents/GitHub/Reel-Rhythm2/Content/Jordy/Textures/jordy_lo_Backpack_Roughness.uexp" 759
"C:/Users/Aliss/Documents/GitHub/Reel-Rhythm2/Content/Jordy/Textures/jordy_lo_Backpack_Normal.ubulk" 760
"C:/Users/Aliss/Documents/GitHub/Reel-Rhythm2/Content/Jordy/Textures/jordy_lo_Backpack_Normal.uasset" 761
"C:/Users/Aliss/Documents/GitHub/Reel-Rhythm2/Content/Jordy/Textures/jordy_lo_Backpack_Normal.uexp" 762
"C:/Users/Aliss/Documents/GitHub/Reel-Rhythm2/Content/Jordy/Textures/jordy_lo_Backpack_Metallic.ubulk" 763
"C:/Users/Aliss/Documents/GitHub/Reel-Rhythm2/Content/Jordy/Textures/jordy_lo_Backpack_Metallic.uasset" 764
"C:/Users/Aliss/Documents/GitHub/Reel-Rhythm2/Content/Jordy/Textures/jordy_lo_Backpack_Metallic.uexp" 765
"C:/Users/Aliss/Documents/GitHub/Reel-Rhythm2/Content/Jordy/Textures/jordy_lo_Backpack_Height.ubulk" 766
"C:/Users/Aliss/Documents/GitHub/Reel-Rhythm2/Content/Jordy/Textures/jordy_lo_Backpack_Height.uasset" 767
"C:/Users/Aliss/Documents/GitHub/Reel-Rhythm2/Content/Jordy/Textures/jordy_lo_Backpack_Height.uexp" 768
"C:/Users/Aliss/Documents/GitHub/Reel-Rhythm2/Content/Jordy/Textures/jordy_lo_Backpack_BaseColor.ubulk" 769
"C:/Users/Aliss/Documents/GitHub/Reel-Rhythm2/Content/Jordy/Textures/jordy_lo_Backpack_BaseColor.uasset" 770
"C:/Users/Aliss/Documents/GitHub/Reel-Rhythm2/Content/Jordy/Textures/jordy_lo_Backpack_BaseColor.uexp" 771
"C:/Users/Aliss/Documents/GitHub/Reel-Rhythm2/Content/Jordy/NewImport_use_/Backpack1.uasset" 772
"C:/Users/Aliss/Documents/GitHub/Reel-Rhythm2/Content/Jordy/NewImport_use_/Backpack1.uexp" 773
"C:/Users/Aliss/Documents/GitHub/Reel-Rhythm2/Content/Jordy/NewImport_use_/Jordy_Character_Anim1.uasset" 774
"C:/Users/Aliss/Documents/GitHub/Reel-Rhythm2/Content/Jordy/NewImport_use_/Jordy_Character_Anim1.uexp" 775
"../../../Engine/Plugins/Animation/ACLPlugin/Content/ACLAnimCurveCompressionSettings.uasset" 776
"../../../Engine/Plugins/Animation/ACLPlugin/Content/ACLAnimCurveCompressionSettings.uexp" 777
"../../../Engine/Plugins/Animation/ACLPlugin/Content/ACLAnimBoneCompressionSettings.uasset" 778
"../../../Engine/Plugins/Animation/ACLPlugin/Content/ACLAnimBoneCompressionSettings.uexp" 779
"../../../Engine/Content/Animation/DefaultVariableFrameStrippingSettings.uasset" 780
"../../../Engine/Content/Animation/DefaultVariableFrameStrippingSettings.uexp" 781
"C:/Users/Aliss/Documents/GitHub/Reel-Rhythm2/Content/Jordy/NewImport_use_/Animations/JordyAnim/JordyAnimJIdle_Anim_JIdle1.uasset" 782
"C:/Users/Aliss/Documents/GitHub/Reel-Rhythm2/Content/Jordy/NewImport_use_/Animations/JordyAnim/JordyAnimJIdle_Anim_JIdle1.uexp" 783
"C:/Users/Aliss/Documents/GitHub/Reel-Rhythm2/Content/Jordy/NewImport_use_/Animations/JordyAnim/JordyAnimJWalk_Anim_JWalk1.uasset" 784
"C:/Users/Aliss/Documents/GitHub/Reel-Rhythm2/Content/Jordy/NewImport_use_/Animations/JordyAnim/JordyAnimJWalk_Anim_JWalk1.uexp" 785
"C:/Users/Aliss/Documents/GitHub/Reel-Rhythm2/Content/Jordy/NewImport_use_/BS_Jordy.uasset" 786
"C:/Users/Aliss/Documents/GitHub/Reel-Rhythm2/Content/Jordy/NewImport_use_/BS_Jordy.uexp" 787
"C:/Users/Aliss/Documents/GitHub/Reel-Rhythm2/Content/Jordy/NewImport_use_/ABP_JordyModel.uasset" 788
"C:/Users/Aliss/Documents/GitHub/Reel-Rhythm2/Content/Jordy/NewImport_use_/ABP_JordyModel.uexp" 789
"../../../Engine/Content/EditorLandscapeResources/WhiteSquareTexture.uasset" 790
"../../../Engine/Content/EditorLandscapeResources/WhiteSquareTexture.uexp" 791
"C:/Users/Aliss/Documents/GitHub/Reel-Rhythm2/Content/UI/NewInventory.uasset" 792
"C:/Users/Aliss/Documents/GitHub/Reel-Rhythm2/Content/UI/NewInventory.uexp" 793
"C:/Users/Aliss/Documents/GitHub/Reel-Rhythm2/Content/BraydensWork/Inventory/Fishing_Inventory.uasset" 794
"C:/Users/Aliss/Documents/GitHub/Reel-Rhythm2/Content/BraydensWork/Inventory/Fishing_Inventory.uexp" 795
"C:/Users/Aliss/Documents/GitHub/Reel-Rhythm2/Content/BraydensWork/Inventory/Fish_Index.uasset" 796
"C:/Users/Aliss/Documents/GitHub/Reel-Rhythm2/Content/BraydensWork/Inventory/Fish_Index.uexp" 797
"C:/Users/Aliss/Documents/GitHub/Reel-Rhythm2/Content/BraydensWork/Inventory/WBP_Fish_Compendium.uasset" 798
"C:/Users/Aliss/Documents/GitHub/Reel-Rhythm2/Content/BraydensWork/Inventory/WBP_Fish_Compendium.uexp" 799
"C:/Users/Aliss/Documents/GitHub/Reel-Rhythm2/Content/Jordy/NewImport_use_/Animations/JordyAnim/JordyAnimJReelLoop_Anim_JReelLoop1.uasset" 800
"C:/Users/Aliss/Documents/GitHub/Reel-Rhythm2/Content/Jordy/NewImport_use_/Animations/JordyAnim/JordyAnimJReelLoop_Anim_JReelLoop1.uexp" 801
"C:/Users/Aliss/Documents/GitHub/Reel-Rhythm2/Content/Jordy/NewImport_use_/Animations/JordyAnim/JordyAnimJCast_Anim_JCast1.uasset" 802
"C:/Users/Aliss/Documents/GitHub/Reel-Rhythm2/Content/Jordy/NewImport_use_/Animations/JordyAnim/JordyAnimJCast_Anim_JCast1.uexp" 803
"C:/Users/Aliss/Documents/GitHub/Reel-Rhythm2/Content/Jordy/NewImport_use_/Animations/JordyAnim/JordyAnimJCastToReel_Anim_JCastToReel1.uasset" 804
"C:/Users/Aliss/Documents/GitHub/Reel-Rhythm2/Content/Jordy/NewImport_use_/Animations/JordyAnim/JordyAnimJCastToReel_Anim_JCastToReel1.uexp" 805
"C:/Users/Aliss/Documents/GitHub/Reel-Rhythm2/Content/Jordy/NewImport_use_/Animations/JordyAnim/JordyAnimJCastPrep_Anim_JCastPrep1.uasset" 806
"C:/Users/Aliss/Documents/GitHub/Reel-Rhythm2/Content/Jordy/NewImport_use_/Animations/JordyAnim/JordyAnimJCastPrep_Anim_JCastPrep1.uexp" 807
"C:/Users/Aliss/Documents/GitHub/Reel-Rhythm2/Content/Jordy/NewImport_use_/AM_Cast.uasset" 808
"C:/Users/Aliss/Documents/GitHub/Reel-Rhythm2/Content/Jordy/NewImport_use_/AM_Cast.uexp" 809
"C:/Users/Aliss/Documents/GitHub/Reel-Rhythm2/Content/ThirdPerson/Blueprints/BP_ThirdPersonCharacter.uasset" 810
"C:/Users/Aliss/Documents/GitHub/Reel-Rhythm2/Content/ThirdPerson/Blueprints/BP_ThirdPersonCharacter.uexp" 811
"C:/Users/Aliss/Documents/GitHub/Reel-Rhythm2/Content/ThirdPerson/Blueprints/BP_ThirdPersonGameMode.uasset" 812
"C:/Users/Aliss/Documents/GitHub/Reel-Rhythm2/Content/ThirdPerson/Blueprints/BP_ThirdPersonGameMode.uexp" 813
"../../../Engine/Content/Functions/Engine_MaterialFunctions01/Shading/PowerToRoughness.uasset" 814
"../../../Engine/Content/Functions/Engine_MaterialFunctions01/Shading/PowerToRoughness.uexp" 815
"../../../Engine/Content/Functions/Engine_MaterialFunctions01/Shading/ConvertFromDiffSpec.uasset" 816
"../../../Engine/Content/Functions/Engine_MaterialFunctions01/Shading/ConvertFromDiffSpec.uexp" 817
"../../../Engine/Content/EditorMaterials/Dataflow/DataflowTwoSidedVertexMaterial.uasset" 818
"../../../Engine/Content/EditorMaterials/Dataflow/DataflowTwoSidedVertexMaterial.uexp" 819
"../../../Engine/Content/EditorMaterials/Dataflow/DataflowVertexMaterial.uasset" 820
"../../../Engine/Content/EditorMaterials/Dataflow/DataflowVertexMaterial.uexp" 821
"../../../Engine/Content/EditorLandscapeResources/DefaultAlphaTexture.uasset" 822
"../../../Engine/Content/EditorLandscapeResources/DefaultAlphaTexture.uexp" 823
"../../../Engine/Content/EditorLandscapeResources/LandscapeDirtyMaterial.uasset" 824
"../../../Engine/Content/EditorLandscapeResources/LandscapeDirtyMaterial.uexp" 825
"../../../Engine/Content/Functions/Engine_MaterialFunctions02/Utility/BreakOutFloat2Components.uasset" 826
"../../../Engine/Content/Functions/Engine_MaterialFunctions02/Utility/BreakOutFloat2Components.uexp" 827
"../../../Engine/Content/Functions/Engine_MaterialFunctions01/Texturing/ScaleUVsByCenter.uasset" 828
"../../../Engine/Content/Functions/Engine_MaterialFunctions01/Texturing/ScaleUVsByCenter.uexp" 829
"../../../Engine/Content/Functions/Engine_MaterialFunctions02/WorldPositionOffset/LocalPosition.uasset" 830
"../../../Engine/Content/Functions/Engine_MaterialFunctions02/WorldPositionOffset/LocalPosition.uexp" 831
"../../../Engine/Content/Functions/Engine_MaterialFunctions01/Texturing/TextureCropping.uasset" 832
"../../../Engine/Content/Functions/Engine_MaterialFunctions01/Texturing/TextureCropping.uexp" 833
"../../../Engine/Content/Functions/Engine_MaterialFunctions02/ExampleContent/DebugNumberStrip.uasset" 834
"../../../Engine/Content/Functions/Engine_MaterialFunctions02/ExampleContent/DebugNumberStrip.uexp" 835
"../../../Engine/Content/Functions/Engine_MaterialFunctions01/Debug/DebugIntValues.uasset" 836
"../../../Engine/Content/Functions/Engine_MaterialFunctions01/Debug/DebugIntValues.uexp" 837
"../../../Engine/Content/EditorLandscapeResources/LandscapeLayerUsageMaterial.uasset" 838
"../../../Engine/Content/EditorLandscapeResources/LandscapeLayerUsageMaterial.uexp" 839
"../../../Engine/Content/EditorLandscapeResources/LayerVisMaterial.uasset" 840
"../../../Engine/Content/EditorLandscapeResources/LayerVisMaterial.uexp" 841
"../../../Engine/Content/EditorMaterials/PhAT_NoCollisionMaterial.uasset" 842
"../../../Engine/Content/EditorMaterials/PhAT_NoCollisionMaterial.uexp" 843
"../../../Engine/Content/EditorMaterials/PhAT_UnselectedMaterial.uasset" 844
"../../../Engine/Content/EditorMaterials/PhAT_UnselectedMaterial.uexp" 845
"../../../Engine/Content/EditorMaterials/PreviewShadowIndicator.ubulk" 846
"../../../Engine/Content/EditorMaterials/PreviewShadowIndicator.uasset" 847
"../../../Engine/Content/EditorMaterials/PreviewShadowIndicator.uexp" 848
"../../../Engine/Content/EditorMaterials/PreviewShadowIndicatorMaterial.uasset" 849
"../../../Engine/Content/EditorMaterials/PreviewShadowIndicatorMaterial.uexp" 850
"../../../Engine/Content/EngineDebugMaterials/DebugEditorMaterial.uasset" 851
"../../../Engine/Content/EngineDebugMaterials/DebugEditorMaterial.uexp" 852
"../../../Engine/Content/EngineDebugMaterials/DebugMeshMaterial.uasset" 853
"../../../Engine/Content/EngineDebugMaterials/DebugMeshMaterial.uexp" 854
"../../../Engine/Content/EngineDebugMaterials/M_SimpleUnlitTranslucent.uasset" 855
"../../../Engine/Content/EngineDebugMaterials/M_SimpleUnlitTranslucent.uexp" 856
"../../../Engine/Content/Functions/Engine_MaterialFunctions02/Utility/CameraDirectionVector.uasset" 857
"../../../Engine/Content/Functions/Engine_MaterialFunctions02/Utility/CameraDirectionVector.uexp" 858
"../../../Engine/Content/EngineDebugMaterials/VolumeToRender.uasset" 859
"../../../Engine/Content/EngineDebugMaterials/VolumeToRender.uexp" 860
"../../../Engine/Content/EngineDebugMaterials/M_VolumeRenderSphereTracePP.uasset" 861
"../../../Engine/Content/EngineDebugMaterials/M_VolumeRenderSphereTracePP.uexp" 862
"../../../Engine/Content/EngineMaterials/DefaultDeferredDecalMaterial.uasset" 863
"../../../Engine/Content/EngineMaterials/DefaultDeferredDecalMaterial.uexp" 864
"../../../Engine/Content/EngineMaterials/DefaultLightFunctionMaterial.uasset" 865
"../../../Engine/Content/EngineMaterials/DefaultLightFunctionMaterial.uexp" 866
"../../../Engine/Content/EngineMaterials/DefaultPostProcessMaterial.uasset" 867
"../../../Engine/Content/EngineMaterials/DefaultPostProcessMaterial.uexp" 868
"../../../Engine/Content/EngineFonts/RobotoDistanceField.uasset" 869
"../../../Engine/Content/EngineFonts/RobotoDistanceField.uexp" 870
"../../../Engine/Content/EngineMaterials/DefaultTextMaterialOpaque.uasset" 871
"../../../Engine/Content/EngineMaterials/DefaultTextMaterialOpaque.uexp" 872
"../../../Engine/Content/EngineMaterials/DefaultWhiteGrid_Low.uasset" 873
"../../../Engine/Content/EngineMaterials/DefaultWhiteGrid_Low.uexp" 874
"../../../Engine/Content/EngineMaterials/EmissiveMeshMaterial.uasset" 875
"../../../Engine/Content/EngineMaterials/EmissiveMeshMaterial.uexp" 876
"../../../Engine/Content/EngineMaterials/BaseFlattenLinearColor.uasset" 877
"../../../Engine/Content/EngineMaterials/BaseFlattenLinearColor.uexp" 878
"../../../Engine/Content/EngineMaterials/BaseFlattenNormalMap.uasset" 879
"../../../Engine/Content/EngineMaterials/BaseFlattenNormalMap.uexp" 880
"../../../Engine/Content/Functions/Engine_MaterialFunctions02/PivotPainter2/Black_1x1_EXR_Texture.uasset" 881
"../../../Engine/Content/Functions/Engine_MaterialFunctions02/PivotPainter2/Black_1x1_EXR_Texture.uexp" 882
"../../../Engine/Content/EngineMaterials/BaseFlattenDiffuseMap.uasset" 883
"../../../Engine/Content/EngineMaterials/BaseFlattenDiffuseMap.uexp" 884
"../../../Engine/Content/EngineMaterials/BaseFlattenEmissiveMap.uasset" 885
"../../../Engine/Content/EngineMaterials/BaseFlattenEmissiveMap.uexp" 886
"../../../Engine/Content/EngineMaterials/BaseFlattenGrayscaleMap.uasset" 887
"../../../Engine/Content/EngineMaterials/BaseFlattenGrayscaleMap.uexp" 888
"../../../Engine/Content/EngineMaterials/FlattenMaterial.uasset" 889
"../../../Engine/Content/EngineMaterials/FlattenMaterial.uexp" 890
"../../../Engine/Content/EngineMaterials/Black_1x1_EXR_Texture_VT.ubulk" 891
"../../../Engine/Content/EngineMaterials/Black_1x1_EXR_Texture_VT.uasset" 892
"../../../Engine/Content/EngineMaterials/Black_1x1_EXR_Texture_VT.uexp" 893
"../../../Engine/Content/EngineMaterials/BaseFlattenNormalMap_VT.ubulk" 894
"../../../Engine/Content/EngineMaterials/BaseFlattenNormalMap_VT.uasset" 895
"../../../Engine/Content/EngineMaterials/BaseFlattenNormalMap_VT.uexp" 896
"../../../Engine/Content/EngineMaterials/BaseFlattenLinearColor_VT.ubulk" 897
"../../../Engine/Content/EngineMaterials/BaseFlattenLinearColor_VT.uasset" 898
"../../../Engine/Content/EngineMaterials/BaseFlattenLinearColor_VT.uexp" 899
"../../../Engine/Content/EngineMaterials/BaseFlattenDiffuseMap_VT.ubulk" 900
"../../../Engine/Content/EngineMaterials/BaseFlattenDiffuseMap_VT.uasset" 901
"../../../Engine/Content/EngineMaterials/BaseFlattenDiffuseMap_VT.uexp" 902
"../../../Engine/Content/EngineMaterials/BaseFlattenEmissiveMap_VT.ubulk" 903
"../../../Engine/Content/EngineMaterials/BaseFlattenEmissiveMap_VT.uasset" 904
"../../../Engine/Content/EngineMaterials/BaseFlattenEmissiveMap_VT.uexp" 905
"../../../Engine/Content/EngineMaterials/BaseFlattenGrayscaleMap_VT.ubulk" 906
"../../../Engine/Content/EngineMaterials/BaseFlattenGrayscaleMap_VT.uasset" 907
"../../../Engine/Content/EngineMaterials/BaseFlattenGrayscaleMap_VT.uexp" 908
"../../../Engine/Content/EngineMaterials/FlattenMaterial_VT.uasset" 909
"../../../Engine/Content/EngineMaterials/FlattenMaterial_VT.uexp" 910
"../../../Engine/Content/EngineMaterials/FlattenMaterial_WS_Normal_VT.uasset" 911
"../../../Engine/Content/EngineMaterials/FlattenMaterial_WS_Normal_VT.uexp" 912
"../../../Engine/Content/EngineMaterials/GizmoMaterial.uasset" 913
"../../../Engine/Content/EngineMaterials/GizmoMaterial.uexp" 914
"../../../Engine/Content/EngineMaterials/InvalidLightmapSettings.ubulk" 915
"../../../Engine/Content/EngineMaterials/InvalidLightmapSettings.uasset" 916
"../../../Engine/Content/EngineMaterials/InvalidLightmapSettings.uexp" 917
"../../../Engine/Content/EngineMaterials/M_InvalidLightmapSettings.uasset" 918
"../../../Engine/Content/EngineMaterials/M_InvalidLightmapSettings.uexp" 919
"../../../Engine/Content/EngineMaterials/NaniteHiddenSectionMaterial.uasset" 920
"../../../Engine/Content/EngineMaterials/NaniteHiddenSectionMaterial.uexp" 921
"../../../Engine/Content/Functions/Engine_MaterialFunctions02/WorldPositionOffset/CameraOffset.uasset" 922
"../../../Engine/Content/Functions/Engine_MaterialFunctions02/WorldPositionOffset/CameraOffset.uexp" 923
"../../../Engine/Content/EngineMaterials/PhAT_JointLimitMaterial.uasset" 924
"../../../Engine/Content/EngineMaterials/PhAT_JointLimitMaterial.uexp" 925
"../../../Engine/Content/EngineMaterials/DefaultCalibrationColor.uasset" 926
"../../../Engine/Content/EngineMaterials/DefaultCalibrationColor.uexp" 927
"../../../Engine/Content/EngineMaterials/PPM_DefaultCalibrationColor.uasset" 928
"../../../Engine/Content/EngineMaterials/PPM_DefaultCalibrationColor.uexp" 929
"../../../Engine/Content/EngineMaterials/DefaultCalibrationGrayscale.uasset" 930
"../../../Engine/Content/EngineMaterials/DefaultCalibrationGrayscale.uexp" 931
"../../../Engine/Content/EngineMaterials/PPM_DefaultCalibrationGrayscale.uasset" 932
"../../../Engine/Content/EngineMaterials/PPM_DefaultCalibrationGrayscale.uexp" 933
"../../../Engine/Content/EngineMaterials/RemoveSurfaceMaterial.uasset" 934
"../../../Engine/Content/EngineMaterials/RemoveSurfaceMaterial.uexp" 935
"../../../Engine/Plugins/Animation/ControlRig/Content/Controls/ControlRigGizmoMaterial.uasset" 936
"../../../Engine/Plugins/Animation/ControlRig/Content/Controls/ControlRigGizmoMaterial.uexp" 937
"../../../Engine/Plugins/Animation/ControlRig/Content/Controls/ControlRigXRayMaterial.uasset" 938
"../../../Engine/Plugins/Animation/ControlRig/Content/Controls/ControlRigXRayMaterial.uexp" 939
"../../../Engine/Content/Functions/Engine_MaterialFunctions02/Utility/BreakOutFloat3Components.uasset" 940
"../../../Engine/Content/Functions/Engine_MaterialFunctions02/Utility/BreakOutFloat3Components.uexp" 941
"../../../Engine/Content/Functions/Engine_MaterialFunctions02/SafeNormalize.uasset" 942
"../../../Engine/Content/Functions/Engine_MaterialFunctions02/SafeNormalize.uexp" 943
"../../../Engine/Content/Functions/Engine_MaterialFunctions02/Utility/VectorLength.uasset" 944
"../../../Engine/Content/Functions/Engine_MaterialFunctions02/Utility/VectorLength.uexp" 945
"../../../Engine/Content/Functions/Engine_MaterialFunctions02/ObjectLocalBounds.uasset" 946
"../../../Engine/Content/Functions/Engine_MaterialFunctions02/ObjectLocalBounds.uexp" 947
"../../../Engine/Content/Functions/Engine_MaterialFunctions02/WorldPositionOffset/ObjectScale.uasset" 948
"../../../Engine/Content/Functions/Engine_MaterialFunctions02/WorldPositionOffset/ObjectScale.uexp" 949
"../../../Engine/Plugins/Editor/SpeedTreeImporter/Content/SpeedTree9/UnpackInteger3.uasset" 950
"../../../Engine/Plugins/Editor/SpeedTreeImporter/Content/SpeedTree9/UnpackInteger3.uexp" 951
"../../../Engine/Plugins/Editor/SpeedTreeImporter/Content/SpeedTree9/UnpackDirection.uasset" 952
"../../../Engine/Plugins/Editor/SpeedTreeImporter/Content/SpeedTree9/UnpackDirection.uexp" 953
"../../../Engine/Plugins/Editor/SpeedTreeImporter/Content/SpeedTree9/game_wind_noise.ubulk" 954
"../../../Engine/Plugins/Editor/SpeedTreeImporter/Content/SpeedTree9/game_wind_noise.uasset" 955
"../../../Engine/Plugins/Editor/SpeedTreeImporter/Content/SpeedTree9/game_wind_noise.uexp" 956
"../../../Engine/Plugins/Editor/SpeedTreeImporter/Content/SpeedTree9/SpeedTreeWindMotion.uasset" 957
"../../../Engine/Plugins/Editor/SpeedTreeImporter/Content/SpeedTree9/SpeedTreeWindMotion.uexp" 958
"../../../Engine/Plugins/Editor/SpeedTreeImporter/Content/SpeedTree9/SpeedTreeBranchMotion.uasset" 959
"../../../Engine/Plugins/Editor/SpeedTreeImporter/Content/SpeedTree9/SpeedTreeBranchMotion.uexp" 960
"../../../Engine/Content/Functions/Engine_MaterialFunctions02/UVs/BoundingBoxBased_0-1_UVW.uasset" 961
"../../../Engine/Content/Functions/Engine_MaterialFunctions02/UVs/BoundingBoxBased_0-1_UVW.uexp" 962
"../../../Engine/Plugins/Editor/SpeedTreeImporter/Content/SpeedTree9/SpeedTreeWind.uasset" 963
"../../../Engine/Plugins/Editor/SpeedTreeImporter/Content/SpeedTree9/SpeedTreeWind.uexp" 964
"../../../Engine/Plugins/Editor/SpeedTreeImporter/Content/SpeedTree9/EmptyNormal.uasset" 965
"../../../Engine/Plugins/Editor/SpeedTreeImporter/Content/SpeedTree9/EmptyNormal.uexp" 966
"../../../Engine/Plugins/Editor/SpeedTreeImporter/Content/SpeedTree9/Empty.uasset" 967
"../../../Engine/Plugins/Editor/SpeedTreeImporter/Content/SpeedTree9/Empty.uexp" 968
"../../../Engine/Plugins/Editor/SpeedTreeImporter/Content/SpeedTree9/SpeedTreeBillboard.uasset" 969
"../../../Engine/Plugins/Editor/SpeedTreeImporter/Content/SpeedTree9/SpeedTreeBillboard.uexp" 970
"../../../Engine/Plugins/Editor/SpeedTreeImporter/Content/SpeedTree9/SpeedTreeBillboardMaster.uasset" 971
"../../../Engine/Plugins/Editor/SpeedTreeImporter/Content/SpeedTree9/SpeedTreeBillboardMaster.uexp" 972
"../../../Engine/Plugins/Editor/SpeedTreeImporter/Content/SpeedTree9/SpeedTreeCameraFacing.uasset" 973
"../../../Engine/Plugins/Editor/SpeedTreeImporter/Content/SpeedTree9/SpeedTreeCameraFacing.uexp" 974
"../../../Engine/Plugins/Editor/SpeedTreeImporter/Content/SpeedTree9/SpeedTreeMaster.uasset" 975
"../../../Engine/Plugins/Editor/SpeedTreeImporter/Content/SpeedTree9/SpeedTreeMaster.uexp" 976
"../../../Engine/Plugins/Runtime/HairStrands/Content/Materials/HairCardsDefaultMaterial.uasset" 977
"../../../Engine/Plugins/Runtime/HairStrands/Content/Materials/HairCardsDefaultMaterial.uexp" 978
"../../../Engine/Content/Functions/Engine_MaterialFunctions02/Utility/MakeFloat2.uasset" 979
"../../../Engine/Content/Functions/Engine_MaterialFunctions02/Utility/MakeFloat2.uexp" 980
"../../../Engine/Content/Functions/Engine_MaterialFunctions02/Utility/MakeFloat3.uasset" 981
"../../../Engine/Content/Functions/Engine_MaterialFunctions02/Utility/MakeFloat3.uexp" 982
"../../../Engine/Plugins/Runtime/HairStrands/Content/Materials/HairGroupColors.uasset" 983
"../../../Engine/Plugins/Runtime/HairStrands/Content/Materials/HairGroupColors.uexp" 984
"../../../Engine/Content/EngineMaterials/HairColorMap.uasset" 985
"../../../Engine/Content/EngineMaterials/HairColorMap.uexp" 986
"../../../Engine/Content/EngineMaterials/HairDebugColor.uasset" 987
"../../../Engine/Content/EngineMaterials/HairDebugColor.uexp" 988
"../../../Engine/Plugins/Runtime/HairStrands/Content/Materials/HairDebugMaterial.uasset" 989
"../../../Engine/Plugins/Runtime/HairStrands/Content/Materials/HairDebugMaterial.uexp" 990
"../../../Engine/Plugins/Runtime/HairStrands/Content/Materials/HairDefaultMaterial.uasset" 991
"../../../Engine/Plugins/Runtime/HairStrands/Content/Materials/HairDefaultMaterial.uexp" 992
"../../../Engine/Plugins/Runtime/HairStrands/Content/Materials/HairMeshesDefaultMaterial.uasset" 993
"../../../Engine/Plugins/Runtime/HairStrands/Content/Materials/HairMeshesDefaultMaterial.uexp" 994
"../../../Engine/Plugins/VirtualProduction/CameraCalibrationCore/Content/Materials/M_DefaultEvenSquare.uasset" 995
"../../../Engine/Plugins/VirtualProduction/CameraCalibrationCore/Content/Materials/M_DefaultEvenSquare.uexp" 996
"../../../Engine/Plugins/VirtualProduction/CameraCalibrationCore/Content/Materials/M_DefaultOddSquare.uasset" 997
"../../../Engine/Plugins/VirtualProduction/CameraCalibrationCore/Content/Materials/M_DefaultOddSquare.uexp" 998
"../../../Engine/Plugins/Animation/ControlRig/Content/M_Manip.uasset" 999
"../../../Engine/Plugins/Animation/ControlRig/Content/M_Manip.uexp" 1000
"../../../Engine/Content/EngineMaterials/Substrate/Glints2/AGlintTex2dArray2.uasset" 1001
"../../../Engine/Content/EngineMaterials/Substrate/Glints2/AGlintTex2dArray2.uexp" 1002
"../../../Engine/Content/ArtTools/RenderToTexture/Meshes/S_1_Unit_Plane.ubulk" 1003
"../../../Engine/Content/ArtTools/RenderToTexture/Meshes/S_1_Unit_Plane.uasset" 1004
"../../../Engine/Content/ArtTools/RenderToTexture/Meshes/S_1_Unit_Plane.uexp" 1005
"../../../Engine/Content/EngineMaterials/Substrate/GLints/AGlintTex2dArray.uasset" 1006
"../../../Engine/Content/EngineMaterials/Substrate/GLints/AGlintTex2dArray.uexp" 1007
"../../../Engine/Content/VREditor/TransformGizmo/TranslucentTransformGizmoMaterial.uasset" 1008
"../../../Engine/Content/VREditor/TransformGizmo/TranslucentTransformGizmoMaterial.uexp" 1009
"../../../Engine/Content/VREditor/LaserPointer/VR_LaserPower_01.ubulk" 1010
"../../../Engine/Content/VREditor/LaserPointer/VR_LaserPower_01.uasset" 1011
"../../../Engine/Content/VREditor/LaserPointer/VR_LaserPower_01.uexp" 1012
"../../../Engine/Content/VREditor/TransformGizmo/TransformGizmoMaterial.uasset" 1013
"../../../Engine/Content/VREditor/TransformGizmo/TransformGizmoMaterial.uexp" 1014
"../../../Engine/Content/VREditor/TransformGizmo/BoundingBoxCorner.ubulk" 1015
"../../../Engine/Content/VREditor/TransformGizmo/BoundingBoxCorner.uasset" 1016
"../../../Engine/Content/VREditor/TransformGizmo/BoundingBoxCorner.uexp" 1017
"../../../Engine/Content/VREditor/TransformGizmo/BoundingBoxEdge.ubulk" 1018
"../../../Engine/Content/VREditor/TransformGizmo/BoundingBoxEdge.uasset" 1019
"../../../Engine/Content/VREditor/TransformGizmo/BoundingBoxEdge.uexp" 1020
"../../../Engine/Content/VREditor/TransformGizmo/Xray.uasset" 1021
"../../../Engine/Content/VREditor/TransformGizmo/Xray.uexp" 1022
"../../../Engine/Content/VREditor/TransformGizmo/Main.uasset" 1023
"../../../Engine/Content/VREditor/TransformGizmo/Main.uexp" 1024
"../../../Engine/Content/VREditor/TransformGizmo/SM_Sequencer_Node.ubulk" 1025
"../../../Engine/Content/VREditor/TransformGizmo/SM_Sequencer_Node.uasset" 1026
"../../../Engine/Content/VREditor/TransformGizmo/SM_Sequencer_Node.uexp" 1027
"../../../Engine/Content/EditorMaterials/Camera/CineMat.uasset" 1028
"../../../Engine/Content/EditorMaterials/Camera/CineMat.uexp" 1029
"../../../Engine/Content/EditorMaterials/Camera/MI_CineMat_Rig.uasset" 1030
"../../../Engine/Content/EditorMaterials/Camera/MI_CineMat_Rig.uexp" 1031
"../../../Engine/Content/EditorMeshes/Camera/SM_CraneRig_Arm.ubulk" 1032
"../../../Engine/Content/EditorMeshes/Camera/SM_CraneRig_Arm.uasset" 1033
"../../../Engine/Content/EditorMeshes/Camera/SM_CraneRig_Arm.uexp" 1034
"../../../Engine/Content/EditorMeshes/Camera/SM_CraneRig_Base.ubulk" 1035
"../../../Engine/Content/EditorMeshes/Camera/SM_CraneRig_Base.uasset" 1036
"../../../Engine/Content/EditorMeshes/Camera/SM_CraneRig_Base.uexp" 1037
"../../../Engine/Content/EditorMeshes/Camera/SM_CraneRig_Body.ubulk" 1038
"../../../Engine/Content/EditorMeshes/Camera/SM_CraneRig_Body.uasset" 1039
"../../../Engine/Content/EditorMeshes/Camera/SM_CraneRig_Body.uexp" 1040
"../../../Engine/Content/EditorMeshes/Camera/SM_CraneRig_Mount.ubulk" 1041
"../../../Engine/Content/EditorMeshes/Camera/SM_CraneRig_Mount.uasset" 1042
"../../../Engine/Content/EditorMeshes/Camera/SM_CraneRig_Mount.uexp" 1043
"../../../Engine/Content/EditorMeshes/Camera/SM_RailRig_Mount.ubulk" 1044
"../../../Engine/Content/EditorMeshes/Camera/SM_RailRig_Mount.uasset" 1045
"../../../Engine/Content/EditorMeshes/Camera/SM_RailRig_Mount.uexp" 1046
"../../../Engine/Content/EditorMeshes/Camera/SM_RailRig_Track.ubulk" 1047
"../../../Engine/Content/EditorMeshes/Camera/SM_RailRig_Track.uasset" 1048
"../../../Engine/Content/EditorMeshes/Camera/SM_RailRig_Track.uexp" 1049
"../../../Engine/Content/EngineMaterials/DefaultMaterial.uasset" 1050
"../../../Engine/Content/EngineMaterials/DefaultMaterial.uexp" 1051
"../../../Engine/Content/BasicShapes/Cone.ubulk" 1052
"../../../Engine/Content/BasicShapes/Cone.uasset" 1053
"../../../Engine/Content/BasicShapes/Cone.uexp" 1054
"../../../Engine/Content/BasicShapes/Cylinder.ubulk" 1055
"../../../Engine/Content/BasicShapes/Cylinder.uasset" 1056
"../../../Engine/Content/BasicShapes/Cylinder.uexp" 1057
"../../../Engine/Content/EditorLandscapeResources/SplineEditorMeshMat.uasset" 1058
"../../../Engine/Content/EditorLandscapeResources/SplineEditorMeshMat.uexp" 1059
"../../../Engine/Content/EditorLandscapeResources/SplineEditorMesh.ubulk" 1060
"../../../Engine/Content/EditorLandscapeResources/SplineEditorMesh.uasset" 1061
"../../../Engine/Content/EditorLandscapeResources/SplineEditorMesh.uexp" 1062
"../../../Engine/Plugins/Animation/ControlRig/Content/Controls/ControlRig_Arrow2_1mm.ubulk" 1063
"../../../Engine/Plugins/Animation/ControlRig/Content/Controls/ControlRig_Arrow2_1mm.uasset" 1064
"../../../Engine/Plugins/Animation/ControlRig/Content/Controls/ControlRig_Arrow2_1mm.uexp" 1065
"../../../Engine/Plugins/Animation/ControlRig/Content/Controls/ControlRig_Arrow2_3mm.ubulk" 1066
"../../../Engine/Plugins/Animation/ControlRig/Content/Controls/ControlRig_Arrow2_3mm.uasset" 1067
"../../../Engine/Plugins/Animation/ControlRig/Content/Controls/ControlRig_Arrow2_3mm.uexp" 1068
"../../../Engine/Plugins/Animation/ControlRig/Content/Controls/ControlRig_Arrow2_solid.ubulk" 1069
"../../../Engine/Plugins/Animation/ControlRig/Content/Controls/ControlRig_Arrow2_solid.uasset" 1070
"../../../Engine/Plugins/Animation/ControlRig/Content/Controls/ControlRig_Arrow2_solid.uexp" 1071
"../../../Engine/Plugins/Animation/ControlRig/Content/Controls/ControlRig_Arrow4_1mm.ubulk" 1072
"../../../Engine/Plugins/Animation/ControlRig/Content/Controls/ControlRig_Arrow4_1mm.uasset" 1073
"../../../Engine/Plugins/Animation/ControlRig/Content/Controls/ControlRig_Arrow4_1mm.uexp" 1074
"../../../Engine/Plugins/Animation/ControlRig/Content/Controls/ControlRig_Arrow4_3mm.ubulk" 1075
"../../../Engine/Plugins/Animation/ControlRig/Content/Controls/ControlRig_Arrow4_3mm.uasset" 1076
"../../../Engine/Plugins/Animation/ControlRig/Content/Controls/ControlRig_Arrow4_3mm.uexp" 1077
"../../../Engine/Plugins/Animation/ControlRig/Content/Controls/ControlRig_Arrow4_solid.ubulk" 1078
"../../../Engine/Plugins/Animation/ControlRig/Content/Controls/ControlRig_Arrow4_solid.uasset" 1079
"../../../Engine/Plugins/Animation/ControlRig/Content/Controls/ControlRig_Arrow4_solid.uexp" 1080
"../../../Engine/Plugins/Animation/ControlRig/Content/Controls/ControlRig_Arrow_1mm.ubulk" 1081
"../../../Engine/Plugins/Animation/ControlRig/Content/Controls/ControlRig_Arrow_1mm.uasset" 1082
"../../../Engine/Plugins/Animation/ControlRig/Content/Controls/ControlRig_Arrow_1mm.uexp" 1083
"../../../Engine/Plugins/Animation/ControlRig/Content/Controls/ControlRig_Arrow_3mm.ubulk" 1084
"../../../Engine/Plugins/Animation/ControlRig/Content/Controls/ControlRig_Arrow_3mm.uasset" 1085
"../../../Engine/Plugins/Animation/ControlRig/Content/Controls/ControlRig_Arrow_3mm.uexp" 1086
"../../../Engine/Plugins/Animation/ControlRig/Content/Controls/ControlRig_Arrow_solid.ubulk" 1087
"../../../Engine/Plugins/Animation/ControlRig/Content/Controls/ControlRig_Arrow_solid.uasset" 1088
"../../../Engine/Plugins/Animation/ControlRig/Content/Controls/ControlRig_Arrow_solid.uexp" 1089
"../../../Engine/Plugins/Animation/ControlRig/Content/Controls/ControlRig_Box_1mm.ubulk" 1090
"../../../Engine/Plugins/Animation/ControlRig/Content/Controls/ControlRig_Box_1mm.uasset" 1091
"../../../Engine/Plugins/Animation/ControlRig/Content/Controls/ControlRig_Box_1mm.uexp" 1092
"../../../Engine/Plugins/Animation/ControlRig/Content/Controls/ControlRig_Box_3mm.ubulk" 1093
"../../../Engine/Plugins/Animation/ControlRig/Content/Controls/ControlRig_Box_3mm.uasset" 1094
"../../../Engine/Plugins/Animation/ControlRig/Content/Controls/ControlRig_Box_3mm.uexp" 1095
"../../../Engine/Plugins/Animation/ControlRig/Content/Controls/ControlRig_Box_solid.ubulk" 1096
"../../../Engine/Plugins/Animation/ControlRig/Content/Controls/ControlRig_Box_solid.uasset" 1097
"../../../Engine/Plugins/Animation/ControlRig/Content/Controls/ControlRig_Box_solid.uexp" 1098
"../../../Engine/Plugins/Animation/ControlRig/Content/Controls/ControlRig_Circle_1mm.ubulk" 1099
"../../../Engine/Plugins/Animation/ControlRig/Content/Controls/ControlRig_Circle_1mm.uasset" 1100
"../../../Engine/Plugins/Animation/ControlRig/Content/Controls/ControlRig_Circle_1mm.uexp" 1101
"../../../Engine/Plugins/Animation/ControlRig/Content/Controls/ControlRig_Circle_3mm.ubulk" 1102
"../../../Engine/Plugins/Animation/ControlRig/Content/Controls/ControlRig_Circle_3mm.uasset" 1103
"../../../Engine/Plugins/Animation/ControlRig/Content/Controls/ControlRig_Circle_3mm.uexp" 1104
"../../../Engine/Plugins/Animation/ControlRig/Content/Controls/ControlRig_Circle_solid.ubulk" 1105
"../../../Engine/Plugins/Animation/ControlRig/Content/Controls/ControlRig_Circle_solid.uasset" 1106
"../../../Engine/Plugins/Animation/ControlRig/Content/Controls/ControlRig_Circle_solid.uexp" 1107
"../../../Engine/Plugins/Animation/ControlRig/Content/Controls/ControlRig_Diamond_1mm.ubulk" 1108
"../../../Engine/Plugins/Animation/ControlRig/Content/Controls/ControlRig_Diamond_1mm.uasset" 1109
"../../../Engine/Plugins/Animation/ControlRig/Content/Controls/ControlRig_Diamond_1mm.uexp" 1110
"../../../Engine/Plugins/Animation/ControlRig/Content/Controls/ControlRig_Diamond_3mm.ubulk" 1111
"../../../Engine/Plugins/Animation/ControlRig/Content/Controls/ControlRig_Diamond_3mm.uasset" 1112
"../../../Engine/Plugins/Animation/ControlRig/Content/Controls/ControlRig_Diamond_3mm.uexp" 1113
"../../../Engine/Plugins/Animation/ControlRig/Content/Controls/ControlRig_Diamond_solid.ubulk" 1114
"../../../Engine/Plugins/Animation/ControlRig/Content/Controls/ControlRig_Diamond_solid.uasset" 1115
"../../../Engine/Plugins/Animation/ControlRig/Content/Controls/ControlRig_Diamond_solid.uexp" 1116
"../../../Engine/Plugins/Animation/ControlRig/Content/Controls/ControlRig_HalfCircle_1mm.ubulk" 1117
"../../../Engine/Plugins/Animation/ControlRig/Content/Controls/ControlRig_HalfCircle_1mm.uasset" 1118
"../../../Engine/Plugins/Animation/ControlRig/Content/Controls/ControlRig_HalfCircle_1mm.uexp" 1119
"../../../Engine/Plugins/Animation/ControlRig/Content/Controls/ControlRig_HalfCircle_3mm.ubulk" 1120
"../../../Engine/Plugins/Animation/ControlRig/Content/Controls/ControlRig_HalfCircle_3mm.uasset" 1121
"../../../Engine/Plugins/Animation/ControlRig/Content/Controls/ControlRig_HalfCircle_3mm.uexp" 1122
"../../../Engine/Plugins/Animation/ControlRig/Content/Controls/ControlRig_HalfCircle_solid.ubulk" 1123
"../../../Engine/Plugins/Animation/ControlRig/Content/Controls/ControlRig_HalfCircle_solid.uasset" 1124
"../../../Engine/Plugins/Animation/ControlRig/Content/Controls/ControlRig_HalfCircle_solid.uexp" 1125
"../../../Engine/Plugins/Animation/ControlRig/Content/Controls/ControlRig_Hexagon_1mm.ubulk" 1126
"../../../Engine/Plugins/Animation/ControlRig/Content/Controls/ControlRig_Hexagon_1mm.uasset" 1127
"../../../Engine/Plugins/Animation/ControlRig/Content/Controls/ControlRig_Hexagon_1mm.uexp" 1128
"../../../Engine/Plugins/Animation/ControlRig/Content/Controls/ControlRig_Hexagon_3mm.ubulk" 1129
"../../../Engine/Plugins/Animation/ControlRig/Content/Controls/ControlRig_Hexagon_3mm.uasset" 1130
"../../../Engine/Plugins/Animation/ControlRig/Content/Controls/ControlRig_Hexagon_3mm.uexp" 1131
"../../../Engine/Plugins/Animation/ControlRig/Content/Controls/ControlRig_Hexagon_solid.ubulk" 1132
"../../../Engine/Plugins/Animation/ControlRig/Content/Controls/ControlRig_Hexagon_solid.uasset" 1133
"../../../Engine/Plugins/Animation/ControlRig/Content/Controls/ControlRig_Hexagon_solid.uexp" 1134
"../../../Engine/Plugins/Animation/ControlRig/Content/Controls/ControlRig_Octagon_1mm.ubulk" 1135
"../../../Engine/Plugins/Animation/ControlRig/Content/Controls/ControlRig_Octagon_1mm.uasset" 1136
"../../../Engine/Plugins/Animation/ControlRig/Content/Controls/ControlRig_Octagon_1mm.uexp" 1137
"../../../Engine/Plugins/Animation/ControlRig/Content/Controls/ControlRig_Octagon_3mm.ubulk" 1138
"../../../Engine/Plugins/Animation/ControlRig/Content/Controls/ControlRig_Octagon_3mm.uasset" 1139
"../../../Engine/Plugins/Animation/ControlRig/Content/Controls/ControlRig_Octagon_3mm.uexp" 1140
"../../../Engine/Plugins/Animation/ControlRig/Content/Controls/ControlRig_Octagon_solid.ubulk" 1141
"../../../Engine/Plugins/Animation/ControlRig/Content/Controls/ControlRig_Octagon_solid.uasset" 1142
"../../../Engine/Plugins/Animation/ControlRig/Content/Controls/ControlRig_Octagon_solid.uexp" 1143
"../../../Engine/Plugins/Animation/ControlRig/Content/Controls/ControlRig_Pyramid_1mm.ubulk" 1144
"../../../Engine/Plugins/Animation/ControlRig/Content/Controls/ControlRig_Pyramid_1mm.uasset" 1145
"../../../Engine/Plugins/Animation/ControlRig/Content/Controls/ControlRig_Pyramid_1mm.uexp" 1146
"../../../Engine/Plugins/Animation/ControlRig/Content/Controls/ControlRig_Pyramid_3mm.ubulk" 1147
"../../../Engine/Plugins/Animation/ControlRig/Content/Controls/ControlRig_Pyramid_3mm.uasset" 1148
"../../../Engine/Plugins/Animation/ControlRig/Content/Controls/ControlRig_Pyramid_3mm.uexp" 1149
"../../../Engine/Plugins/Animation/ControlRig/Content/Controls/ControlRig_Pyramid_solid.ubulk" 1150
"../../../Engine/Plugins/Animation/ControlRig/Content/Controls/ControlRig_Pyramid_solid.uasset" 1151
"../../../Engine/Plugins/Animation/ControlRig/Content/Controls/ControlRig_Pyramid_solid.uexp" 1152
"../../../Engine/Plugins/Animation/ControlRig/Content/Controls/ControlRig_QuarterCircle_1mm.ubulk" 1153
"../../../Engine/Plugins/Animation/ControlRig/Content/Controls/ControlRig_QuarterCircle_1mm.uasset" 1154
"../../../Engine/Plugins/Animation/ControlRig/Content/Controls/ControlRig_QuarterCircle_1mm.uexp" 1155
"../../../Engine/Plugins/Animation/ControlRig/Content/Controls/ControlRig_QuarterCircle_3mm.ubulk" 1156
"../../../Engine/Plugins/Animation/ControlRig/Content/Controls/ControlRig_QuarterCircle_3mm.uasset" 1157
"../../../Engine/Plugins/Animation/ControlRig/Content/Controls/ControlRig_QuarterCircle_3mm.uexp" 1158
"../../../Engine/Plugins/Animation/ControlRig/Content/Controls/ControlRig_QuarterCircle_solid.ubulk" 1159
"../../../Engine/Plugins/Animation/ControlRig/Content/Controls/ControlRig_QuarterCircle_solid.uasset" 1160
"../../../Engine/Plugins/Animation/ControlRig/Content/Controls/ControlRig_QuarterCircle_solid.uexp" 1161
"../../../Engine/Plugins/Animation/ControlRig/Content/Controls/ControlRig_RoundedSquare_1mm.ubulk" 1162
"../../../Engine/Plugins/Animation/ControlRig/Content/Controls/ControlRig_RoundedSquare_1mm.uasset" 1163
"../../../Engine/Plugins/Animation/ControlRig/Content/Controls/ControlRig_RoundedSquare_1mm.uexp" 1164
"../../../Engine/Plugins/Animation/ControlRig/Content/Controls/ControlRig_RoundedSquare_3mm.ubulk" 1165
"../../../Engine/Plugins/Animation/ControlRig/Content/Controls/ControlRig_RoundedSquare_3mm.uasset" 1166
"../../../Engine/Plugins/Animation/ControlRig/Content/Controls/ControlRig_RoundedSquare_3mm.uexp" 1167
"../../../Engine/Plugins/Animation/ControlRig/Content/Controls/ControlRig_RoundedSquare_solid.ubulk" 1168
"../../../Engine/Plugins/Animation/ControlRig/Content/Controls/ControlRig_RoundedSquare_solid.uasset" 1169
"../../../Engine/Plugins/Animation/ControlRig/Content/Controls/ControlRig_RoundedSquare_solid.uexp" 1170
"../../../Engine/Plugins/Animation/ControlRig/Content/Controls/ControlRig_RoundedTriangle_1mm.ubulk" 1171
"../../../Engine/Plugins/Animation/ControlRig/Content/Controls/ControlRig_RoundedTriangle_1mm.uasset" 1172
"../../../Engine/Plugins/Animation/ControlRig/Content/Controls/ControlRig_RoundedTriangle_1mm.uexp" 1173
"../../../Engine/Plugins/Animation/ControlRig/Content/Controls/ControlRig_RoundedTriangle_3mm.ubulk" 1174
"../../../Engine/Plugins/Animation/ControlRig/Content/Controls/ControlRig_RoundedTriangle_3mm.uasset" 1175
"../../../Engine/Plugins/Animation/ControlRig/Content/Controls/ControlRig_RoundedTriangle_3mm.uexp" 1176
"../../../Engine/Plugins/Animation/ControlRig/Content/Controls/ControlRig_RoundedTriangle_solid.ubulk" 1177
"../../../Engine/Plugins/Animation/ControlRig/Content/Controls/ControlRig_RoundedTriangle_solid.uasset" 1178
"../../../Engine/Plugins/Animation/ControlRig/Content/Controls/ControlRig_RoundedTriangle_solid.uexp" 1179
"../../../Engine/Plugins/Animation/ControlRig/Content/Controls/ControlRig_Sphere_1mm.ubulk" 1180
"../../../Engine/Plugins/Animation/ControlRig/Content/Controls/ControlRig_Sphere_1mm.uasset" 1181
"../../../Engine/Plugins/Animation/ControlRig/Content/Controls/ControlRig_Sphere_1mm.uexp" 1182
"../../../Engine/Plugins/Animation/ControlRig/Content/Controls/ControlRig_Sphere_3mm.ubulk" 1183
"../../../Engine/Plugins/Animation/ControlRig/Content/Controls/ControlRig_Sphere_3mm.uasset" 1184
"../../../Engine/Plugins/Animation/ControlRig/Content/Controls/ControlRig_Sphere_3mm.uexp" 1185
"../../../Engine/Plugins/Animation/ControlRig/Content/Controls/ControlRig_Sphere_solid.ubulk" 1186
"../../../Engine/Plugins/Animation/ControlRig/Content/Controls/ControlRig_Sphere_solid.uasset" 1187
"../../../Engine/Plugins/Animation/ControlRig/Content/Controls/ControlRig_Sphere_solid.uexp" 1188
"../../../Engine/Plugins/Animation/ControlRig/Content/Controls/ControlRig_Square_1mm.ubulk" 1189
"../../../Engine/Plugins/Animation/ControlRig/Content/Controls/ControlRig_Square_1mm.uasset" 1190
"../../../Engine/Plugins/Animation/ControlRig/Content/Controls/ControlRig_Square_1mm.uexp" 1191
"../../../Engine/Plugins/Animation/ControlRig/Content/Controls/ControlRig_Square_3mm.ubulk" 1192
"../../../Engine/Plugins/Animation/ControlRig/Content/Controls/ControlRig_Square_3mm.uasset" 1193
"../../../Engine/Plugins/Animation/ControlRig/Content/Controls/ControlRig_Square_3mm.uexp" 1194
"../../../Engine/Plugins/Animation/ControlRig/Content/Controls/ControlRig_Square_solid.ubulk" 1195
"../../../Engine/Plugins/Animation/ControlRig/Content/Controls/ControlRig_Square_solid.uasset" 1196
"../../../Engine/Plugins/Animation/ControlRig/Content/Controls/ControlRig_Square_solid.uexp" 1197
"../../../Engine/Plugins/Animation/ControlRig/Content/Controls/ControlRig_Star4_1mm.ubulk" 1198
"../../../Engine/Plugins/Animation/ControlRig/Content/Controls/ControlRig_Star4_1mm.uasset" 1199
"../../../Engine/Plugins/Animation/ControlRig/Content/Controls/ControlRig_Star4_1mm.uexp" 1200
"../../../Engine/Plugins/Animation/ControlRig/Content/Controls/ControlRig_Star4_3mm.ubulk" 1201
"../../../Engine/Plugins/Animation/ControlRig/Content/Controls/ControlRig_Star4_3mm.uasset" 1202
"../../../Engine/Plugins/Animation/ControlRig/Content/Controls/ControlRig_Star4_3mm.uexp" 1203
"../../../Engine/Plugins/Animation/ControlRig/Content/Controls/ControlRig_Star4_solid.ubulk" 1204
"../../../Engine/Plugins/Animation/ControlRig/Content/Controls/ControlRig_Star4_solid.uasset" 1205
"../../../Engine/Plugins/Animation/ControlRig/Content/Controls/ControlRig_Star4_solid.uexp" 1206
"../../../Engine/Plugins/Animation/ControlRig/Content/Controls/ControlRig_Triangle_1mm.ubulk" 1207
"../../../Engine/Plugins/Animation/ControlRig/Content/Controls/ControlRig_Triangle_1mm.uasset" 1208
"../../../Engine/Plugins/Animation/ControlRig/Content/Controls/ControlRig_Triangle_1mm.uexp" 1209
"../../../Engine/Plugins/Animation/ControlRig/Content/Controls/ControlRig_Triangle_3mm.ubulk" 1210
"../../../Engine/Plugins/Animation/ControlRig/Content/Controls/ControlRig_Triangle_3mm.uasset" 1211
"../../../Engine/Plugins/Animation/ControlRig/Content/Controls/ControlRig_Triangle_3mm.uexp" 1212
"../../../Engine/Plugins/Animation/ControlRig/Content/Controls/ControlRig_Triangle_solid.ubulk" 1213
"../../../Engine/Plugins/Animation/ControlRig/Content/Controls/ControlRig_Triangle_solid.uasset" 1214
"../../../Engine/Plugins/Animation/ControlRig/Content/Controls/ControlRig_Triangle_solid.uexp" 1215
"../../../Engine/Plugins/Animation/ControlRig/Content/Controls/ControlRig_Wedge_1mm.ubulk" 1216
"../../../Engine/Plugins/Animation/ControlRig/Content/Controls/ControlRig_Wedge_1mm.uasset" 1217
"../../../Engine/Plugins/Animation/ControlRig/Content/Controls/ControlRig_Wedge_1mm.uexp" 1218
"../../../Engine/Plugins/Animation/ControlRig/Content/Controls/ControlRig_Wedge_3mm.ubulk" 1219
"../../../Engine/Plugins/Animation/ControlRig/Content/Controls/ControlRig_Wedge_3mm.uasset" 1220
"../../../Engine/Plugins/Animation/ControlRig/Content/Controls/ControlRig_Wedge_3mm.uexp" 1221
"../../../Engine/Plugins/Animation/ControlRig/Content/Controls/ControlRig_Wedge_solid.ubulk" 1222
"../../../Engine/Plugins/Animation/ControlRig/Content/Controls/ControlRig_Wedge_solid.uasset" 1223
"../../../Engine/Plugins/Animation/ControlRig/Content/Controls/ControlRig_Wedge_solid.uexp" 1224
"../../../Engine/Plugins/Media/MediaPlate/Content/SM_MediaPlateScreen.ubulk" 1225
"../../../Engine/Plugins/Media/MediaPlate/Content/SM_MediaPlateScreen.uasset" 1226
"../../../Engine/Plugins/Media/MediaPlate/Content/SM_MediaPlateScreen.uexp" 1227
"../../../Engine/Content/EngineResources/DefaultTextureCube.uasset" 1228
"../../../Engine/Content/EngineResources/DefaultTextureCube.uexp" 1229
"../../../Engine/Content/EngineMaterials/Substrate/Volume/SubstrateSimpleVolumeEnvLUT3D.uasset" 1230
"../../../Engine/Content/EngineMaterials/Substrate/Volume/SubstrateSimpleVolumeEnvLUT3D.uexp" 1231
"../../../Engine/Content/EngineMaterials/Substrate/Volume/SubstrateSimpleVolumeLUT3D.uasset" 1232
"../../../Engine/Content/EngineMaterials/Substrate/Volume/SubstrateSimpleVolumeLUT3D.uexp" 1233
"../../../Engine/Content/Functions/Engine_MaterialFunctions01/Texturing/FlattenNormal.uasset" 1234
"../../../Engine/Content/Functions/Engine_MaterialFunctions01/Texturing/FlattenNormal.uexp" 1235
"../../../Engine/Content/Functions/Engine_MaterialFunctions02/Math/Transform3x3Matrix.uasset" 1236
"../../../Engine/Content/Functions/Engine_MaterialFunctions02/Math/Transform3x3Matrix.uexp" 1237
"../../../Engine/Plugins/Interchange/Assets/Content/Utilities/New_LUT.uasset" 1238
"../../../Engine/Plugins/Interchange/Assets/Content/Utilities/New_LUT.uexp" 1239
"../../../Engine/Content/Functions/Engine_MaterialFunctions03/Math/RemapValueRange.uasset" 1240
"../../../Engine/Content/Functions/Engine_MaterialFunctions03/Math/RemapValueRange.uexp" 1241
"../../../Engine/Plugins/Interchange/Assets/Content/Functions/MF_Iridescence.uasset" 1242
"../../../Engine/Plugins/Interchange/Assets/Content/Functions/MF_Iridescence.uexp" 1243
"../../../Engine/Plugins/Interchange/Assets/Content/gltf/Textures/T_White_srgb.uasset" 1244
"../../../Engine/Plugins/Interchange/Assets/Content/gltf/Textures/T_White_srgb.uexp" 1245
"../../../Engine/Plugins/Interchange/Assets/Content/gltf/MaterialFunctions/MF_BaseColor.uasset" 1246
"../../../Engine/Plugins/Interchange/Assets/Content/gltf/MaterialFunctions/MF_BaseColor.uexp" 1247
"../../../Engine/Plugins/Interchange/Assets/Content/gltf/MaterialFunctions/MF_RotateV2.uasset" 1248
"../../../Engine/Plugins/Interchange/Assets/Content/gltf/MaterialFunctions/MF_RotateV2.uexp" 1249
"../../../Engine/Plugins/Interchange/Assets/Content/gltf/MaterialFunctions/MF_TransformUVs.uasset" 1250
"../../../Engine/Plugins/Interchange/Assets/Content/gltf/MaterialFunctions/MF_TransformUVs.uexp" 1251
"../../../Engine/Plugins/Interchange/Assets/Content/gltf/MaterialFunctions/MF_IOR.uasset" 1252
"../../../Engine/Plugins/Interchange/Assets/Content/gltf/MaterialFunctions/MF_IOR.uexp" 1253
"../../../Engine/Plugins/Interchange/Assets/Content/gltf/MaterialFunctions/MF_Iridescence.uasset" 1254
"../../../Engine/Plugins/Interchange/Assets/Content/gltf/MaterialFunctions/MF_Iridescence.uexp" 1255
"../../../Engine/Plugins/Interchange/Assets/Content/gltf/Textures/T_White_Linear.uasset" 1256
"../../../Engine/Plugins/Interchange/Assets/Content/gltf/Textures/T_White_Linear.uexp" 1257
"../../../Engine/Plugins/Interchange/Assets/Content/gltf/MaterialFunctions/MF_MetallicRoughness.uasset" 1258
"../../../Engine/Plugins/Interchange/Assets/Content/gltf/MaterialFunctions/MF_MetallicRoughness.uexp" 1259
"../../../Engine/Plugins/Interchange/Assets/Content/gltf/MaterialFunctions/MF_RotateNormals_TS.uasset" 1260
"../../../Engine/Plugins/Interchange/Assets/Content/gltf/MaterialFunctions/MF_RotateNormals_TS.uexp" 1261
"../../../Engine/Plugins/Interchange/Assets/Content/gltf/MaterialFunctions/MF_ScaleNormal.uasset" 1262
"../../../Engine/Plugins/Interchange/Assets/Content/gltf/MaterialFunctions/MF_ScaleNormal.uexp" 1263
"../../../Engine/Plugins/Interchange/Assets/Content/gltf/Textures/T_Generic_N.uasset" 1264
"../../../Engine/Plugins/Interchange/Assets/Content/gltf/Textures/T_Generic_N.uexp" 1265
"../../../Engine/Plugins/Interchange/Assets/Content/gltf/MaterialFunctions/MF_Normals.uasset" 1266
"../../../Engine/Plugins/Interchange/Assets/Content/gltf/MaterialFunctions/MF_Normals.uexp" 1267
"../../../Engine/Plugins/Interchange/Assets/Content/gltf/MaterialFunctions/MF_Occlusion.uasset" 1268
"../../../Engine/Plugins/Interchange/Assets/Content/gltf/MaterialFunctions/MF_Occlusion.uexp" 1269
"../../../Engine/Plugins/Interchange/Assets/Content/gltf/MaterialFunctions/MF_Specular.uasset" 1270
"../../../Engine/Plugins/Interchange/Assets/Content/gltf/MaterialFunctions/MF_Specular.uexp" 1271
"../../../Engine/Plugins/Interchange/Assets/Content/gltf/Textures/T_Anisotropy_Direction_Linear.uasset" 1272
"../../../Engine/Plugins/Interchange/Assets/Content/gltf/Textures/T_Anisotropy_Direction_Linear.uexp" 1273
"../../../Engine/Plugins/Interchange/Assets/Content/gltf/MaterialFunctions/MF_SpecularAnisotropy.uasset" 1274
"../../../Engine/Plugins/Interchange/Assets/Content/gltf/MaterialFunctions/MF_SpecularAnisotropy.uexp" 1275
"../../../Engine/Plugins/Interchange/Assets/Content/gltf/MaterialFunctions/MF_Emissive.uasset" 1276
"../../../Engine/Plugins/Interchange/Assets/Content/gltf/MaterialFunctions/MF_Emissive.uexp" 1277
"../../../Engine/Plugins/Interchange/Assets/Content/gltf/MaterialFunctions/MF_Clearcoat.uasset" 1278
"../../../Engine/Plugins/Interchange/Assets/Content/gltf/MaterialFunctions/MF_Clearcoat.uexp" 1279
"../../../Engine/Plugins/Interchange/Assets/Content/gltf/MaterialBodies/MF_ClearCoat_Body.uasset" 1280
"../../../Engine/Plugins/Interchange/Assets/Content/gltf/MaterialBodies/MF_ClearCoat_Body.uexp" 1281
"../../../Engine/Plugins/Interchange/Assets/Content/gltf/M_ClearCoat.uasset" 1282
"../../../Engine/Plugins/Interchange/Assets/Content/gltf/M_ClearCoat.uexp" 1283
"../../../Engine/Plugins/Interchange/Assets/Content/gltf/MaterialInstances/MI_ClearCoat_Blend.uasset" 1284
"../../../Engine/Plugins/Interchange/Assets/Content/gltf/MaterialInstances/MI_ClearCoat_Blend.uexp" 1285
"../../../Engine/Plugins/Interchange/Assets/Content/gltf/MaterialInstances/MI_ClearCoat_Blend_DS.uasset" 1286
"../../../Engine/Plugins/Interchange/Assets/Content/gltf/MaterialInstances/MI_ClearCoat_Blend_DS.uexp" 1287
"../../../Engine/Plugins/Interchange/Assets/Content/gltf/MaterialInstances/MI_ClearCoat_Mask.uasset" 1288
"../../../Engine/Plugins/Interchange/Assets/Content/gltf/MaterialInstances/MI_ClearCoat_Mask.uexp" 1289
"../../../Engine/Plugins/Interchange/Assets/Content/gltf/MaterialInstances/MI_ClearCoat_Mask_DS.uasset" 1290
"../../../Engine/Plugins/Interchange/Assets/Content/gltf/MaterialInstances/MI_ClearCoat_Mask_DS.uexp" 1291
"../../../Engine/Plugins/Interchange/Assets/Content/gltf/MaterialInstances/MI_ClearCoat_Opaque.uasset" 1292
"../../../Engine/Plugins/Interchange/Assets/Content/gltf/MaterialInstances/MI_ClearCoat_Opaque.uexp" 1293
"../../../Engine/Plugins/Interchange/Assets/Content/gltf/MaterialInstances/MI_ClearCoat_Opaque_DS.uasset" 1294
"../../../Engine/Plugins/Interchange/Assets/Content/gltf/MaterialInstances/MI_ClearCoat_Opaque_DS.uexp" 1295
"../../../Engine/Plugins/Interchange/Assets/Content/gltf/MaterialBodies/MF_Default_Body.uasset" 1296
"../../../Engine/Plugins/Interchange/Assets/Content/gltf/MaterialBodies/MF_Default_Body.uexp" 1297
"../../../Engine/Plugins/Interchange/Assets/Content/gltf/M_Default.uasset" 1298
"../../../Engine/Plugins/Interchange/Assets/Content/gltf/M_Default.uexp" 1299
"../../../Engine/Plugins/Interchange/Assets/Content/gltf/MaterialInstances/MI_Default_Blend.uasset" 1300
"../../../Engine/Plugins/Interchange/Assets/Content/gltf/MaterialInstances/MI_Default_Blend.uexp" 1301
"../../../Engine/Plugins/Interchange/Assets/Content/gltf/MaterialInstances/MI_Default_Blend_DS.uasset" 1302
"../../../Engine/Plugins/Interchange/Assets/Content/gltf/MaterialInstances/MI_Default_Blend_DS.uexp" 1303
"../../../Engine/Plugins/Interchange/Assets/Content/gltf/MaterialInstances/MI_Default_Mask.uasset" 1304
"../../../Engine/Plugins/Interchange/Assets/Content/gltf/MaterialInstances/MI_Default_Mask.uexp" 1305
"../../../Engine/Plugins/Interchange/Assets/Content/gltf/MaterialInstances/MI_Default_Mask_DS.uasset" 1306
"../../../Engine/Plugins/Interchange/Assets/Content/gltf/MaterialInstances/MI_Default_Mask_DS.uexp" 1307
"../../../Engine/Plugins/Interchange/Assets/Content/gltf/MaterialInstances/MI_Default_Opaque.uasset" 1308
"../../../Engine/Plugins/Interchange/Assets/Content/gltf/MaterialInstances/MI_Default_Opaque.uexp" 1309
"../../../Engine/Plugins/Interchange/Assets/Content/gltf/MaterialInstances/MI_Default_Opaque_DS.uasset" 1310
"../../../Engine/Plugins/Interchange/Assets/Content/gltf/MaterialInstances/MI_Default_Opaque_DS.uexp" 1311
"../../../Engine/Plugins/Interchange/Assets/Content/gltf/MaterialFunctions/MF_Sheen.uasset" 1312
"../../../Engine/Plugins/Interchange/Assets/Content/gltf/MaterialFunctions/MF_Sheen.uexp" 1313
"../../../Engine/Plugins/Interchange/Assets/Content/gltf/MaterialBodies/MF_Sheen_Body.uasset" 1314
"../../../Engine/Plugins/Interchange/Assets/Content/gltf/MaterialBodies/MF_Sheen_Body.uexp" 1315
"../../../Engine/Plugins/Interchange/Assets/Content/gltf/M_Sheen.uasset" 1316
"../../../Engine/Plugins/Interchange/Assets/Content/gltf/M_Sheen.uexp" 1317
"../../../Engine/Plugins/Interchange/Assets/Content/gltf/MaterialInstances/MI_Sheen_Blend.uasset" 1318
"../../../Engine/Plugins/Interchange/Assets/Content/gltf/MaterialInstances/MI_Sheen_Blend.uexp" 1319
"../../../Engine/Plugins/Interchange/Assets/Content/gltf/MaterialInstances/MI_Sheen_Blend_DS.uasset" 1320
"../../../Engine/Plugins/Interchange/Assets/Content/gltf/MaterialInstances/MI_Sheen_Blend_DS.uexp" 1321
"../../../Engine/Plugins/Interchange/Assets/Content/gltf/MaterialInstances/MI_Sheen_Mask.uasset" 1322
"../../../Engine/Plugins/Interchange/Assets/Content/gltf/MaterialInstances/MI_Sheen_Mask.uexp" 1323
"../../../Engine/Plugins/Interchange/Assets/Content/gltf/MaterialInstances/MI_Sheen_Mask_DS.uasset" 1324
"../../../Engine/Plugins/Interchange/Assets/Content/gltf/MaterialInstances/MI_Sheen_Mask_DS.uexp" 1325
"../../../Engine/Plugins/Interchange/Assets/Content/gltf/MaterialInstances/MI_Sheen_Opaque.uasset" 1326
"../../../Engine/Plugins/Interchange/Assets/Content/gltf/MaterialInstances/MI_Sheen_Opaque.uexp" 1327
"../../../Engine/Plugins/Interchange/Assets/Content/gltf/MaterialInstances/MI_Sheen_Opaque_DS.uasset" 1328
"../../../Engine/Plugins/Interchange/Assets/Content/gltf/MaterialInstances/MI_Sheen_Opaque_DS.uexp" 1329
"../../../Engine/Content/Functions/Engine_MaterialFunctions02/Math/AddComponents.uasset" 1330
"../../../Engine/Content/Functions/Engine_MaterialFunctions02/Math/AddComponents.uexp" 1331
"../../../Engine/Plugins/Interchange/Assets/Content/gltf/MaterialFunctions/MF_DiffuseSpecGloss.uasset" 1332
"../../../Engine/Plugins/Interchange/Assets/Content/gltf/MaterialFunctions/MF_DiffuseSpecGloss.uexp" 1333
"../../../Engine/Plugins/Interchange/Assets/Content/gltf/MaterialFunctions/MF_MaxComponentValue.uasset" 1334
"../../../Engine/Plugins/Interchange/Assets/Content/gltf/MaterialFunctions/MF_MaxComponentValue.uexp" 1335
"../../../Engine/Plugins/Interchange/Assets/Content/gltf/MaterialFunctions/MF_PerceivedBrightness.uasset" 1336
"../../../Engine/Plugins/Interchange/Assets/Content/gltf/MaterialFunctions/MF_PerceivedBrightness.uexp" 1337
"../../../Engine/Plugins/Interchange/Assets/Content/gltf/MaterialFunctions/MF_SpecGlossToMetalRoughness.uasset" 1338
"../../../Engine/Plugins/Interchange/Assets/Content/gltf/MaterialFunctions/MF_SpecGlossToMetalRoughness.uexp" 1339
"../../../Engine/Plugins/Interchange/Assets/Content/gltf/MaterialBodies/MF_SpecularGlossiness_Body.uasset" 1340
"../../../Engine/Plugins/Interchange/Assets/Content/gltf/MaterialBodies/MF_SpecularGlossiness_Body.uexp" 1341
"../../../Engine/Plugins/Interchange/Assets/Content/gltf/M_SpecularGlossiness.uasset" 1342
"../../../Engine/Plugins/Interchange/Assets/Content/gltf/M_SpecularGlossiness.uexp" 1343
"../../../Engine/Plugins/Interchange/Assets/Content/gltf/MaterialInstances/MI_SpecularGlossiness_Blend.uasset" 1344
"../../../Engine/Plugins/Interchange/Assets/Content/gltf/MaterialInstances/MI_SpecularGlossiness_Blend.uexp" 1345
"../../../Engine/Plugins/Interchange/Assets/Content/gltf/MaterialInstances/MI_SpecularGlossiness_Blend_DS.uasset" 1346
"../../../Engine/Plugins/Interchange/Assets/Content/gltf/MaterialInstances/MI_SpecularGlossiness_Blend_DS.uexp" 1347
"../../../Engine/Plugins/Interchange/Assets/Content/gltf/MaterialInstances/MI_SpecularGlossiness_Mask.uasset" 1348
"../../../Engine/Plugins/Interchange/Assets/Content/gltf/MaterialInstances/MI_SpecularGlossiness_Mask.uexp" 1349
"../../../Engine/Plugins/Interchange/Assets/Content/gltf/MaterialInstances/MI_SpecularGlossiness_Mask_DS.uasset" 1350
"../../../Engine/Plugins/Interchange/Assets/Content/gltf/MaterialInstances/MI_SpecularGlossiness_Mask_DS.uexp" 1351
"../../../Engine/Plugins/Interchange/Assets/Content/gltf/MaterialInstances/MI_SpecularGlossiness_Opaque.uasset" 1352
"../../../Engine/Plugins/Interchange/Assets/Content/gltf/MaterialInstances/MI_SpecularGlossiness_Opaque.uexp" 1353
"../../../Engine/Plugins/Interchange/Assets/Content/gltf/MaterialInstances/MI_SpecularGlossiness_Opaque_DS.uasset" 1354
"../../../Engine/Plugins/Interchange/Assets/Content/gltf/MaterialInstances/MI_SpecularGlossiness_Opaque_DS.uexp" 1355
"../../../Engine/Content/EngineMaterials/Good64x64TilingNoiseHighFreq.uasset" 1356
"../../../Engine/Content/EngineMaterials/Good64x64TilingNoiseHighFreq.uexp" 1357
"../../../Engine/Content/Functions/Engine_MaterialFunctions02/Texturing/ScreenAlignedPixelToPixelUVs.uasset" 1358
"../../../Engine/Content/Functions/Engine_MaterialFunctions02/Texturing/ScreenAlignedPixelToPixelUVs.uexp" 1359
"../../../Engine/Plugins/Interchange/Assets/Content/gltf/MaterialFunctions/MF_Fresnel_DS.uasset" 1360
"../../../Engine/Plugins/Interchange/Assets/Content/gltf/MaterialFunctions/MF_Fresnel_DS.uexp" 1361
"../../../Engine/Plugins/Interchange/Assets/Content/gltf/MaterialFunctions/MF_Temporal_Blur.uasset" 1362
"../../../Engine/Plugins/Interchange/Assets/Content/gltf/MaterialFunctions/MF_Temporal_Blur.uexp" 1363
"../../../Engine/Plugins/Interchange/Assets/Content/gltf/MaterialFunctions/MF_Transmission.uasset" 1364
"../../../Engine/Plugins/Interchange/Assets/Content/gltf/MaterialFunctions/MF_Transmission.uexp" 1365
"../../../Engine/Plugins/Interchange/Assets/Content/gltf/MaterialBodies/MF_Transmission_Body.uasset" 1366
"../../../Engine/Plugins/Interchange/Assets/Content/gltf/MaterialBodies/MF_Transmission_Body.uexp" 1367
"../../../Engine/Plugins/Interchange/Assets/Content/gltf/M_Transmission.uasset" 1368
"../../../Engine/Plugins/Interchange/Assets/Content/gltf/M_Transmission.uexp" 1369
"../../../Engine/Plugins/Interchange/Assets/Content/gltf/MaterialInstances/MI_Transmission.uasset" 1370
"../../../Engine/Plugins/Interchange/Assets/Content/gltf/MaterialInstances/MI_Transmission.uexp" 1371
"../../../Engine/Plugins/Interchange/Assets/Content/gltf/MaterialInstances/MI_Transmission_DS.uasset" 1372
"../../../Engine/Plugins/Interchange/Assets/Content/gltf/MaterialInstances/MI_Transmission_DS.uexp" 1373
"../../../Engine/Plugins/Interchange/Assets/Content/gltf/MaterialBodies/MF_Unlit_Body.uasset" 1374
"../../../Engine/Plugins/Interchange/Assets/Content/gltf/MaterialBodies/MF_Unlit_Body.uexp" 1375
"../../../Engine/Plugins/Interchange/Assets/Content/gltf/M_Unlit.uasset" 1376
"../../../Engine/Plugins/Interchange/Assets/Content/gltf/M_Unlit.uexp" 1377
"../../../Engine/Plugins/Interchange/Assets/Content/gltf/MaterialInstances/MI_Unlit_Blend.uasset" 1378
"../../../Engine/Plugins/Interchange/Assets/Content/gltf/MaterialInstances/MI_Unlit_Blend.uexp" 1379
"../../../Engine/Plugins/Interchange/Assets/Content/gltf/MaterialInstances/MI_Unlit_Blend_DS.uasset" 1380
"../../../Engine/Plugins/Interchange/Assets/Content/gltf/MaterialInstances/MI_Unlit_Blend_DS.uexp" 1381
"../../../Engine/Plugins/Interchange/Assets/Content/gltf/MaterialInstances/MI_Unlit_Mask.uasset" 1382
"../../../Engine/Plugins/Interchange/Assets/Content/gltf/MaterialInstances/MI_Unlit_Mask.uexp" 1383
"../../../Engine/Plugins/Interchange/Assets/Content/gltf/MaterialInstances/MI_Unlit_Mask_DS.uasset" 1384
"../../../Engine/Plugins/Interchange/Assets/Content/gltf/MaterialInstances/MI_Unlit_Mask_DS.uexp" 1385
"../../../Engine/Plugins/Interchange/Assets/Content/gltf/MaterialInstances/MI_Unlit_Opaque.uasset" 1386
"../../../Engine/Plugins/Interchange/Assets/Content/gltf/MaterialInstances/MI_Unlit_Opaque.uexp" 1387
"../../../Engine/Plugins/Interchange/Assets/Content/gltf/MaterialInstances/MI_Unlit_Opaque_DS.uasset" 1388
"../../../Engine/Plugins/Interchange/Assets/Content/gltf/MaterialInstances/MI_Unlit_Opaque_DS.uexp" 1389
"../../../Engine/Content/EditorLandscapeResources/ColorMaskBrushMaterial.uasset" 1390
"../../../Engine/Content/EditorLandscapeResources/ColorMaskBrushMaterial.uexp" 1391
"../../../Engine/Content/EditorLandscapeResources/ColorMaskBrushMaterial_MaskedRegion.uasset" 1392
"../../../Engine/Content/EditorLandscapeResources/ColorMaskBrushMaterial_MaskedRegion.uexp" 1393
"../../../Engine/Content/Functions/Engine_MaterialFunctions03/Math/WithinRangeFloat2.uasset" 1394
"../../../Engine/Content/Functions/Engine_MaterialFunctions03/Math/WithinRangeFloat2.uexp" 1395
"../../../Engine/Content/EditorLandscapeResources/MaskBrushMaterial.uasset" 1396
"../../../Engine/Content/EditorLandscapeResources/MaskBrushMaterial.uexp" 1397
"../../../Engine/Content/EditorLandscapeResources/MaskBrushMaterial_MaskedRegion.uasset" 1398
"../../../Engine/Content/EditorLandscapeResources/MaskBrushMaterial_MaskedRegion.uexp" 1399
"../../../Engine/Content/EditorLandscapeResources/SelectBrushMaterial.uasset" 1400
"../../../Engine/Content/EditorLandscapeResources/SelectBrushMaterial.uexp" 1401
"../../../Engine/Content/EditorLandscapeResources/SelectBrushMaterial_Selected.uasset" 1402
"../../../Engine/Content/EditorLandscapeResources/SelectBrushMaterial_Selected.uexp" 1403
"../../../Engine/Content/EditorLandscapeResources/SelectBrushMaterial_SelectedRegion.uasset" 1404
"../../../Engine/Content/EditorLandscapeResources/SelectBrushMaterial_SelectedRegion.uexp" 1405
"../../../Engine/Content/EngineResources/WhiteSquareTexture.uasset" 1406
"../../../Engine/Content/EngineResources/WhiteSquareTexture.uexp" 1407
"../../../Engine/Content/EngineMaterials/Widget3DPassThrough.uasset" 1408
"../../../Engine/Content/EngineMaterials/Widget3DPassThrough.uexp" 1409
"../../../Engine/Content/EngineMaterials/Widget3DPassThrough_Masked.uasset" 1410
"../../../Engine/Content/EngineMaterials/Widget3DPassThrough_Masked.uexp" 1411
"../../../Engine/Content/EngineMaterials/Widget3DPassThrough_Opaque.uasset" 1412
"../../../Engine/Content/EngineMaterials/Widget3DPassThrough_Opaque.uexp" 1413
"../../../Engine/Content/EngineMaterials/Widget3DPassThrough_Masked_OneSided.uasset" 1414
"../../../Engine/Content/EngineMaterials/Widget3DPassThrough_Masked_OneSided.uexp" 1415
"../../../Engine/Content/EngineMaterials/Widget3DPassThrough_Opaque_OneSided.uasset" 1416
"../../../Engine/Content/EngineMaterials/Widget3DPassThrough_Opaque_OneSided.uexp" 1417
"../../../Engine/Content/EngineMaterials/Widget3DPassThrough_Translucent.uasset" 1418
"../../../Engine/Content/EngineMaterials/Widget3DPassThrough_Translucent.uexp" 1419
"../../../Engine/Content/EngineMaterials/Widget3DPassThrough_Translucent_OneSided.uasset" 1420
"../../../Engine/Content/EngineMaterials/Widget3DPassThrough_Translucent_OneSided.uexp" 1421
"../../../Engine/Plugins/Experimental/DaySequence/Content/T_Moon_N.ubulk" 1422
"../../../Engine/Plugins/Experimental/DaySequence/Content/T_Moon_N.uasset" 1423
"../../../Engine/Plugins/Experimental/DaySequence/Content/T_Moon_N.uexp" 1424
"../../../Engine/Plugins/Experimental/DaySequence/Content/T_Moon_D.ubulk" 1425
"../../../Engine/Plugins/Experimental/DaySequence/Content/T_Moon_D.uasset" 1426
"../../../Engine/Plugins/Experimental/DaySequence/Content/T_Moon_D.uexp" 1427
"../../../Engine/Content/Functions/Engine_MaterialFunctions02/Math/CreateThirdOrthogonalVector.uasset" 1428
"../../../Engine/Content/Functions/Engine_MaterialFunctions02/Math/CreateThirdOrthogonalVector.uexp" 1429
"../../../Engine/Content/Functions/Engine_MaterialFunctions02/RayTracedSphere.uasset" 1430
"../../../Engine/Content/Functions/Engine_MaterialFunctions02/RayTracedSphere.uexp" 1431
"../../../Engine/Content/Functions/Engine_MaterialFunctions01/Units/Km-to-Cm.uasset" 1432
"../../../Engine/Content/Functions/Engine_MaterialFunctions01/Units/Km-to-Cm.uexp" 1433
"../../../Engine/Content/MaterialTemplates/Textures/T_Noise01.ubulk" 1434
"../../../Engine/Content/MaterialTemplates/Textures/T_Noise01.uasset" 1435
"../../../Engine/Content/MaterialTemplates/Textures/T_Noise01.uexp" 1436
"../../../Engine/Content/Functions/Engine_MaterialFunctions02/Utility/BlendAngleCorrectedNormals_WS.uasset" 1437
"../../../Engine/Content/Functions/Engine_MaterialFunctions02/Utility/BlendAngleCorrectedNormals_WS.uexp" 1438
"../../../Engine/Content/Functions/Engine_MaterialFunctions01/Vectors/UnitVectorToOctahedron.uasset" 1439
"../../../Engine/Content/Functions/Engine_MaterialFunctions01/Vectors/UnitVectorToOctahedron.uexp" 1440
"../../../Engine/Content/Functions/Engine_MaterialFunctions01/Units/Cm-to-Km.uasset" 1441
"../../../Engine/Content/Functions/Engine_MaterialFunctions01/Units/Cm-to-Km.uexp" 1442
"../../../Engine/Content/Functions/Engine_MaterialFunctions01/Coordinates/VirtualPlaneCoordinates.uasset" 1443
"../../../Engine/Content/Functions/Engine_MaterialFunctions01/Coordinates/VirtualPlaneCoordinates.uexp" 1444
"../../../Engine/Plugins/Experimental/DaySequence/Content/M_24HrSky.uasset" 1445
"../../../Engine/Plugins/Experimental/DaySequence/Content/M_24HrSky.uexp" 1446
"../../../Engine/Plugins/Experimental/DaySequence/Content/MI_24hrSky.uasset" 1447
"../../../Engine/Plugins/Experimental/DaySequence/Content/MI_24hrSky.uexp" 1448
"../../../Engine/Plugins/NNE/NNEDenoiser/Content/NNE_oidn2-3-0_rt_hdr_alb_nrm_small__dyn__fp16_opset11_DenoiseAlpha.uasset" 1449
"../../../Engine/Plugins/NNE/NNEDenoiser/Content/NNE_oidn2-3-0_rt_hdr_alb_nrm_small__dyn__fp16_opset11_DenoiseAlpha.uexp" 1450
"../../../Engine/Plugins/NNE/NNEDenoiser/Content/NNE_oidn2-3-0_rt_hdr_alb_nrm_small__dyn__fp16_opset11_ForwardAlpha.uasset" 1451
"../../../Engine/Plugins/NNE/NNEDenoiser/Content/NNE_oidn2-3-0_rt_hdr_alb_nrm_small__dyn__fp16_opset11_ForwardAlpha.uexp" 1452
"../../../Engine/Plugins/NNE/NNEDenoiser/Content/NNE_oidn2-3-0_rt_hdr_alb_nrm__dyn__fp16_opset11_DenoiseAlpha.uasset" 1453
"../../../Engine/Plugins/NNE/NNEDenoiser/Content/NNE_oidn2-3-0_rt_hdr_alb_nrm__dyn__fp16_opset11_DenoiseAlpha.uexp" 1454
"../../../Engine/Plugins/NNE/NNEDenoiser/Content/NNE_oidn2-3-0_rt_hdr_alb_nrm__dyn__fp16_opset11_ForwardAlpha.uasset" 1455
"../../../Engine/Plugins/NNE/NNEDenoiser/Content/NNE_oidn2-3-0_rt_hdr_alb_nrm__dyn__fp16_opset11_ForwardAlpha.uexp" 1456
"../../../Engine/Plugins/NNE/NNEDenoiser/Content/NNE_oidn2-3-0_rt_hdr_calb_cnrm_large__dyn__fp16_opset11_DenoiseAlpha.uasset" 1457
"../../../Engine/Plugins/NNE/NNEDenoiser/Content/NNE_oidn2-3-0_rt_hdr_calb_cnrm_large__dyn__fp16_opset11_DenoiseAlpha.uexp" 1458
"../../../Engine/Plugins/NNE/NNEDenoiser/Content/NNE_oidn2-3-0_rt_hdr_calb_cnrm_large__dyn__fp16_opset11_ForwardAlpha.uasset" 1459
"../../../Engine/Plugins/NNE/NNEDenoiser/Content/NNE_oidn2-3-0_rt_hdr_calb_cnrm_large__dyn__fp16_opset11_ForwardAlpha.uexp" 1460
"../../../Engine/Plugins/2D/Paper2D/Content/DefaultSpriteMaterial.uasset" 1461
"../../../Engine/Plugins/2D/Paper2D/Content/DefaultSpriteMaterial.uexp" 1462
"../../../Engine/Plugins/2D/Paper2D/Content/MaskedUnlitSpriteMaterial.uasset" 1463
"../../../Engine/Plugins/2D/Paper2D/Content/MaskedUnlitSpriteMaterial.uexp" 1464
"../../../Engine/Plugins/2D/Paper2D/Content/OpaqueUnlitSpriteMaterial.uasset" 1465
"../../../Engine/Plugins/2D/Paper2D/Content/OpaqueUnlitSpriteMaterial.uexp" 1466
"../../../Engine/Content/EngineResources/LandscapeVisibilityLayerInfo.uasset" 1467
"../../../Engine/Content/EngineResources/LandscapeVisibilityLayerInfo.uexp" 1468
"../../../Engine/Content/VREditor/Sounds/UI/Drop_Item_From_ContentBrowser.ubulk" 1469
"../../../Engine/Content/VREditor/Sounds/UI/Drop_Item_From_ContentBrowser.uasset" 1470
"../../../Engine/Content/VREditor/Sounds/UI/Drop_Item_From_ContentBrowser.uexp" 1471
"../../../Engine/Content/VREditor/TransformGizmo/TransformGizmoMaterial_Inst.uasset" 1472
"../../../Engine/Content/VREditor/TransformGizmo/TransformGizmoMaterial_Inst.uexp" 1473
"../../../Engine/Content/VREditor/TransformGizmo/TranslucentTransformGizmoMaterial_Inst.uasset" 1474
"../../../Engine/Content/VREditor/TransformGizmo/TranslucentTransformGizmoMaterial_Inst.uexp" 1475
"../../../Engine/Content/Functions/Engine_MaterialFunctions02/SplitComponents.uasset" 1476
"../../../Engine/Content/Functions/Engine_MaterialFunctions02/SplitComponents.uexp" 1477
"../../../Engine/Content/VREditor/SnapGrid/SnapGridMaterial.uasset" 1478
"../../../Engine/Content/VREditor/SnapGrid/SnapGridMaterial.uexp" 1479
"../../../Engine/Content/VREditor/SnapGrid/SnapGridPlaneMesh.ubulk" 1480
"../../../Engine/Content/VREditor/SnapGrid/SnapGridPlaneMesh.uasset" 1481
"../../../Engine/Content/VREditor/SnapGrid/SnapGridPlaneMesh.uexp" 1482
"../../../Engine/Content/VREditor/Sounds/UI/Gizmo_Handle_Clicked.ubulk" 1483
"../../../Engine/Content/VREditor/Sounds/UI/Gizmo_Handle_Clicked.uasset" 1484
"../../../Engine/Content/VREditor/Sounds/UI/Gizmo_Handle_Clicked.uexp" 1485
"../../../Engine/Content/VREditor/Sounds/UI/Object_PickUp.ubulk" 1486
"../../../Engine/Content/VREditor/Sounds/UI/Object_PickUp.uasset" 1487
"../../../Engine/Content/VREditor/Sounds/UI/Object_PickUp.uexp" 1488
"../../../Engine/Content/VREditor/Sounds/UI/Object_Snaps_To_Another_Actor.ubulk" 1489
"../../../Engine/Content/VREditor/Sounds/UI/Object_Snaps_To_Another_Actor.uasset" 1490
"../../../Engine/Content/VREditor/Sounds/UI/Object_Snaps_To_Another_Actor.uexp" 1491
"../../../Engine/Content/VREditor/Sounds/UI/Object_Snaps_To_Grid.ubulk" 1492
"../../../Engine/Content/VREditor/Sounds/UI/Object_Snaps_To_Grid.uasset" 1493
"../../../Engine/Content/VREditor/Sounds/UI/Object_Snaps_To_Grid.uexp" 1494
"../../../Engine/Content/VREditor/Sounds/UI/Scaling_Down.ubulk" 1495
"../../../Engine/Content/VREditor/Sounds/UI/Scaling_Down.uasset" 1496
"../../../Engine/Content/VREditor/Sounds/UI/Scaling_Down.uexp" 1497
"../../../Engine/Content/VREditor/Sounds/UI/Scaling_Up.ubulk" 1498
"../../../Engine/Content/VREditor/Sounds/UI/Scaling_Up.uasset" 1499
"../../../Engine/Content/VREditor/Sounds/UI/Scaling_Up.uexp" 1500
"../../../Engine/Content/VREditor/Sounds/UI/Selection_Changes.ubulk" 1501
"../../../Engine/Content/VREditor/Sounds/UI/Selection_Changes.uasset" 1502
"../../../Engine/Content/VREditor/Sounds/UI/Selection_Changes.uexp" 1503
"../../../Engine/Content/VREditor/TransformGizmo/PlaneTranslationHandle.ubulk" 1504
"../../../Engine/Content/VREditor/TransformGizmo/PlaneTranslationHandle.uasset" 1505
"../../../Engine/Content/VREditor/TransformGizmo/PlaneTranslationHandle.uexp" 1506
"../../../Engine/Content/VREditor/TransformGizmo/RotationHandleFull.ubulk" 1507
"../../../Engine/Content/VREditor/TransformGizmo/RotationHandleFull.uasset" 1508
"../../../Engine/Content/VREditor/TransformGizmo/RotationHandleFull.uexp" 1509
"../../../Engine/Content/VREditor/TransformGizmo/RotationHandleIndicator.ubulk" 1510
"../../../Engine/Content/VREditor/TransformGizmo/RotationHandleIndicator.uasset" 1511
"../../../Engine/Content/VREditor/TransformGizmo/RotationHandleIndicator.uexp" 1512
"../../../Engine/Content/VREditor/TransformGizmo/RotationHandleQuarter.ubulk" 1513
"../../../Engine/Content/VREditor/TransformGizmo/RotationHandleQuarter.uasset" 1514
"../../../Engine/Content/VREditor/TransformGizmo/RotationHandleQuarter.uexp" 1515
"../../../Engine/Content/VREditor/TransformGizmo/StartRotationHandleIndicator.ubulk" 1516
"../../../Engine/Content/VREditor/TransformGizmo/StartRotationHandleIndicator.uasset" 1517
"../../../Engine/Content/VREditor/TransformGizmo/StartRotationHandleIndicator.uexp" 1518
"../../../Engine/Content/VREditor/TransformGizmo/TransformGizmoFreeRotation.ubulk" 1519
"../../../Engine/Content/VREditor/TransformGizmo/TransformGizmoFreeRotation.uasset" 1520
"../../../Engine/Content/VREditor/TransformGizmo/TransformGizmoFreeRotation.uexp" 1521
"../../../Engine/Content/VREditor/TransformGizmo/TranslateArrowHandle.ubulk" 1522
"../../../Engine/Content/VREditor/TransformGizmo/TranslateArrowHandle.uasset" 1523
"../../../Engine/Content/VREditor/TransformGizmo/TranslateArrowHandle.uexp" 1524
"../../../Engine/Content/VREditor/TransformGizmo/UniformScaleHandle.ubulk" 1525
"../../../Engine/Content/VREditor/TransformGizmo/UniformScaleHandle.uasset" 1526
"../../../Engine/Content/VREditor/TransformGizmo/UniformScaleHandle.uexp" 1527
"../../../Engine/Plugins/Animation/DeformerGraph/Content/DeformerFunctions/DG_Function_LinearBlendSkin_Morph_Cloth.uasset" 1528
"../../../Engine/Plugins/Animation/DeformerGraph/Content/DeformerFunctions/DG_Function_LinearBlendSkin_Morph_Cloth.uexp" 1529
"../../../Engine/Plugins/Animation/DeformerGraph/Content/Deformers/DG_LinearBlendSkin_Morph_Cloth.uasset" 1530
"../../../Engine/Plugins/Animation/DeformerGraph/Content/Deformers/DG_LinearBlendSkin_Morph_Cloth.uexp" 1531
"../../../Engine/Plugins/Animation/DeformerGraph/Content/DeformerFunctions/DG_Function_LinearBlendSkin_Morph_Cloth_PositionOnly.uasset" 1532
"../../../Engine/Plugins/Animation/DeformerGraph/Content/DeformerFunctions/DG_Function_LinearBlendSkin_Morph_Cloth_PositionOnly.uexp" 1533
"../../../Engine/Plugins/Animation/DeformerGraph/Content/DeformerFunctions/DG_Function_ComputeNormalsTangents.uasset" 1534
"../../../Engine/Plugins/Animation/DeformerGraph/Content/DeformerFunctions/DG_Function_ComputeNormalsTangents.uexp" 1535
"../../../Engine/Plugins/Animation/DeformerGraph/Content/Deformers/DG_LinearBlendSkin_Morph_Cloth_RecomputeNormals.uasset" 1536
"../../../Engine/Plugins/Animation/DeformerGraph/Content/Deformers/DG_LinearBlendSkin_Morph_Cloth_RecomputeNormals.uexp" 1537
"../../../Engine/Plugins/Experimental/DaySequence/Content/DS_24hr.uasset" 1538
"../../../Engine/Plugins/Experimental/DaySequence/Content/DS_24hr.uexp" 1539
"../../../Engine/Plugins/Experimental/DaySequence/Content/DSCA_24hr.uasset" 1540
"../../../Engine/Plugins/Experimental/DaySequence/Content/DSCA_24hr.uexp" 1541
"../../../Engine/Plugins/NNE/NNEDenoiser/Content/NNEDT_Oidn2-3_Balanced.uasset" 1542
"../../../Engine/Plugins/NNE/NNEDenoiser/Content/NNEDT_Oidn2-3_Balanced.uexp" 1543
"../../../Engine/Plugins/NNE/NNEDenoiser/Content/NNEDT_Oidn2-3_Balanced_Alpha.uasset" 1544
"../../../Engine/Plugins/NNE/NNEDenoiser/Content/NNEDT_Oidn2-3_Balanced_Alpha.uexp" 1545
"../../../Engine/Plugins/NNE/NNEDenoiser/Content/NNED_Oidn2-3_Balanced.uasset" 1546
"../../../Engine/Plugins/NNE/NNEDenoiser/Content/NNED_Oidn2-3_Balanced.uexp" 1547
"../../../Engine/Plugins/NNE/NNEDenoiser/Content/NNED_Oidn2-3_Balanced_Alpha.uasset" 1548
"../../../Engine/Plugins/NNE/NNEDenoiser/Content/NNED_Oidn2-3_Balanced_Alpha.uexp" 1549
"../../../Engine/Plugins/NNE/NNEDenoiser/Content/NNED_Oidn2-3_Fast.uasset" 1550
"../../../Engine/Plugins/NNE/NNEDenoiser/Content/NNED_Oidn2-3_Fast.uexp" 1551
"../../../Engine/Plugins/NNE/NNEDenoiser/Content/NNED_Oidn2-3_Fast_Alpha.uasset" 1552
"../../../Engine/Plugins/NNE/NNEDenoiser/Content/NNED_Oidn2-3_Fast_Alpha.uexp" 1553
"../../../Engine/Plugins/NNE/NNEDenoiser/Content/NNED_Oidn2-3_HighQuality.uasset" 1554
"../../../Engine/Plugins/NNE/NNEDenoiser/Content/NNED_Oidn2-3_HighQuality.uexp" 1555
"../../../Engine/Plugins/NNE/NNEDenoiser/Content/NNED_Oidn2-3_HighQuality_Alpha.uasset" 1556
"../../../Engine/Plugins/NNE/NNEDenoiser/Content/NNED_Oidn2-3_HighQuality_Alpha.uexp" 1557
"../../../Engine/Content/BasicShapes/Plane.ubulk" 1558
"../../../Engine/Content/BasicShapes/Plane.uasset" 1559
"../../../Engine/Content/BasicShapes/Plane.uexp" 1560
"C:/Users/Aliss/Documents/GitHub/Reel-Rhythm2/Content/TitleScreenUI.uasset" 1561
"C:/Users/Aliss/Documents/GitHub/Reel-Rhythm2/Content/TitleScreenUI.uexp" 1562
"C:/Users/Aliss/Documents/GitHub/Reel-Rhythm2/Content/TitleScreenGM.uasset" 1563
"C:/Users/Aliss/Documents/GitHub/Reel-Rhythm2/Content/TitleScreenGM.uexp" 1564
"../../../Engine/Content/EngineMaterials/DefaultPhysicalMaterial.uasset" 1565
"../../../Engine/Content/EngineMaterials/DefaultPhysicalMaterial.uexp" 1566
"../../../Engine/Content/EngineSky/T_Sky_Stars.ubulk" 1567
"../../../Engine/Content/EngineSky/T_Sky_Stars.uasset" 1568
"../../../Engine/Content/EngineSky/T_Sky_Stars.uexp" 1569
"../../../Engine/Content/EngineSky/T_Sky_Clouds_M.ubulk" 1570
"../../../Engine/Content/EngineSky/T_Sky_Clouds_M.uasset" 1571
"../../../Engine/Content/EngineSky/T_Sky_Clouds_M.uexp" 1572
"../../../Engine/Content/EngineSky/T_Sky_Blue.ubulk" 1573
"../../../Engine/Content/EngineSky/T_Sky_Blue.uasset" 1574
"../../../Engine/Content/EngineSky/T_Sky_Blue.uexp" 1575
"../../../Engine/Content/EngineSky/M_Sky_Panning_Clouds2.uasset" 1576
"../../../Engine/Content/EngineSky/M_Sky_Panning_Clouds2.uexp" 1577
"../../../Engine/Content/EngineSky/SM_SkySphere.ubulk" 1578
"../../../Engine/Content/EngineSky/SM_SkySphere.uasset" 1579
"../../../Engine/Content/EngineSky/SM_SkySphere.uexp" 1580
"../../../Engine/Content/EngineSky/M_SimpleSkyDome.uasset" 1581
"../../../Engine/Content/EngineSky/M_SimpleSkyDome.uexp" 1582
"../../../Engine/Content/EngineSky/VolumetricClouds/VT_PerlinWorley_Balanced.uasset" 1583
"../../../Engine/Content/EngineSky/VolumetricClouds/VT_PerlinWorley_Balanced.uexp" 1584
"../../../Engine/Content/EngineSky/VolumetricClouds/T_Profile_08.ubulk" 1585
"../../../Engine/Content/EngineSky/VolumetricClouds/T_Profile_08.uasset" 1586
"../../../Engine/Content/EngineSky/VolumetricClouds/T_Profile_08.uexp" 1587
"../../../Engine/Content/EngineSky/VolumetricClouds/T_CloudPattern.ubulk" 1588
"../../../Engine/Content/EngineSky/VolumetricClouds/T_CloudPattern.uasset" 1589
"../../../Engine/Content/EngineSky/VolumetricClouds/T_CloudPattern.uexp" 1590
"../../../Engine/Content/EngineSky/VolumetricClouds/T_CloudMask.ubulk" 1591
"../../../Engine/Content/EngineSky/VolumetricClouds/T_CloudMask.uasset" 1592
"../../../Engine/Content/EngineSky/VolumetricClouds/T_CloudMask.uexp" 1593
"../../../Engine/Content/Functions/Engine_MaterialFunctions02/Utility/BreakOutFloat4Components.uasset" 1594
"../../../Engine/Content/Functions/Engine_MaterialFunctions02/Utility/BreakOutFloat4Components.uexp" 1595
"../../../Engine/Content/Functions/Engine_MaterialFunctions02/Utility/MakeFloat4.uasset" 1596
"../../../Engine/Content/Functions/Engine_MaterialFunctions02/Utility/MakeFloat4.uexp" 1597
"../../../Engine/Content/EngineSky/VolumetricClouds/VT_Lightning.uasset" 1598
"../../../Engine/Content/EngineSky/VolumetricClouds/VT_Lightning.uexp" 1599
"../../../Engine/Content/EngineResources/DefaultVolumeTexture2D.uasset" 1600
"../../../Engine/Content/EngineResources/DefaultVolumeTexture2D.uexp" 1601
"../../../Engine/Content/EngineResources/DefaultVolumeTexture.uasset" 1602
"../../../Engine/Content/EngineResources/DefaultVolumeTexture.uexp" 1603
"../../../Engine/Content/EngineSky/VolumetricClouds/m_SimpleVolumetricCloud.uasset" 1604
"../../../Engine/Content/EngineSky/VolumetricClouds/m_SimpleVolumetricCloud.uexp" 1605
"../../../Engine/Content/EngineSky/VolumetricClouds/m_SimpleVolumetricCloud_Inst.uasset" 1606
"../../../Engine/Content/EngineSky/VolumetricClouds/m_SimpleVolumetricCloud_Inst.uexp" 1607
"C:/Users/Aliss/Documents/GitHub/Reel-Rhythm2/Content/Assets/Landscape/Stylized_Cliff01_roughness.ubulk" 1608
"C:/Users/Aliss/Documents/GitHub/Reel-Rhythm2/Content/Assets/Landscape/Stylized_Cliff01_roughness.uasset" 1609
"C:/Users/Aliss/Documents/GitHub/Reel-Rhythm2/Content/Assets/Landscape/Stylized_Cliff01_roughness.uexp" 1610
"C:/Users/Aliss/Documents/GitHub/Reel-Rhythm2/Content/Assets/Landscape/Stylized_Cliff01_normal.ubulk" 1611
"C:/Users/Aliss/Documents/GitHub/Reel-Rhythm2/Content/Assets/Landscape/Stylized_Cliff01_normal.uasset" 1612
"C:/Users/Aliss/Documents/GitHub/Reel-Rhythm2/Content/Assets/Landscape/Stylized_Cliff01_normal.uexp" 1613
"C:/Users/Aliss/Documents/GitHub/Reel-Rhythm2/Content/Assets/Landscape/Stylized_Cliff01_basecolor.ubulk" 1614
"C:/Users/Aliss/Documents/GitHub/Reel-Rhythm2/Content/Assets/Landscape/Stylized_Cliff01_basecolor.uasset" 1615
"C:/Users/Aliss/Documents/GitHub/Reel-Rhythm2/Content/Assets/Landscape/Stylized_Cliff01_basecolor.uexp" 1616
"C:/Users/Aliss/Documents/GitHub/Reel-Rhythm2/Content/Assets/Landscape/StylizedSand_01_roughness.ubulk" 1617
"C:/Users/Aliss/Documents/GitHub/Reel-Rhythm2/Content/Assets/Landscape/StylizedSand_01_roughness.uasset" 1618
"C:/Users/Aliss/Documents/GitHub/Reel-Rhythm2/Content/Assets/Landscape/StylizedSand_01_roughness.uexp" 1619
"C:/Users/Aliss/Documents/GitHub/Reel-Rhythm2/Content/Assets/Landscape/StylizedSand_01_normal.ubulk" 1620
"C:/Users/Aliss/Documents/GitHub/Reel-Rhythm2/Content/Assets/Landscape/StylizedSand_01_normal.uasset" 1621
"C:/Users/Aliss/Documents/GitHub/Reel-Rhythm2/Content/Assets/Landscape/StylizedSand_01_normal.uexp" 1622
"C:/Users/Aliss/Documents/GitHub/Reel-Rhythm2/Content/Assets/Landscape/StylizedSand_01_basecolor.ubulk" 1623
"C:/Users/Aliss/Documents/GitHub/Reel-Rhythm2/Content/Assets/Landscape/StylizedSand_01_basecolor.uasset" 1624
"C:/Users/Aliss/Documents/GitHub/Reel-Rhythm2/Content/Assets/Landscape/StylizedSand_01_basecolor.uexp" 1625
"../../../Engine/Content/EngineMaterials/WeightMapPlaceholderTexture.uasset" 1626
"../../../Engine/Content/EngineMaterials/WeightMapPlaceholderTexture.uexp" 1627
"../../../Engine/Content/EngineMaterials/WeightMapArrayPlaceholderTexture.uasset" 1628
"../../../Engine/Content/EngineMaterials/WeightMapArrayPlaceholderTexture.uexp" 1629
"C:/Users/Aliss/Documents/GitHub/Reel-Rhythm2/Content/Assets/Landscape/Grass2_roughness.ubulk" 1630
"C:/Users/Aliss/Documents/GitHub/Reel-Rhythm2/Content/Assets/Landscape/Grass2_roughness.uasset" 1631
"C:/Users/Aliss/Documents/GitHub/Reel-Rhythm2/Content/Assets/Landscape/Grass2_roughness.uexp" 1632
"C:/Users/Aliss/Documents/GitHub/Reel-Rhythm2/Content/Assets/Landscape/Grass2_normal.ubulk" 1633
"C:/Users/Aliss/Documents/GitHub/Reel-Rhythm2/Content/Assets/Landscape/Grass2_normal.uasset" 1634
"C:/Users/Aliss/Documents/GitHub/Reel-Rhythm2/Content/Assets/Landscape/Grass2_normal.uexp" 1635
"C:/Users/Aliss/Documents/GitHub/Reel-Rhythm2/Content/Assets/Landscape/Grass2_basecolor.ubulk" 1636
"C:/Users/Aliss/Documents/GitHub/Reel-Rhythm2/Content/Assets/Landscape/Grass2_basecolor.uasset" 1637
"C:/Users/Aliss/Documents/GitHub/Reel-Rhythm2/Content/Assets/Landscape/Grass2_basecolor.uexp" 1638
"C:/Users/Aliss/Documents/GitHub/Reel-Rhythm2/Content/Assets/Landscape/Cliff_roughness.ubulk" 1639
"C:/Users/Aliss/Documents/GitHub/Reel-Rhythm2/Content/Assets/Landscape/Cliff_roughness.uasset" 1640
"C:/Users/Aliss/Documents/GitHub/Reel-Rhythm2/Content/Assets/Landscape/Cliff_roughness.uexp" 1641
"C:/Users/Aliss/Documents/GitHub/Reel-Rhythm2/Content/Assets/Landscape/Cliff_basecolor.ubulk" 1642
"C:/Users/Aliss/Documents/GitHub/Reel-Rhythm2/Content/Assets/Landscape/Cliff_basecolor.uasset" 1643
"C:/Users/Aliss/Documents/GitHub/Reel-Rhythm2/Content/Assets/Landscape/Cliff_basecolor.uexp" 1644
"C:/Users/Aliss/Documents/GitHub/Reel-Rhythm2/Content/Assets/Landscape/Cliff_normal.ubulk" 1645
"C:/Users/Aliss/Documents/GitHub/Reel-Rhythm2/Content/Assets/Landscape/Cliff_normal.uasset" 1646
"C:/Users/Aliss/Documents/GitHub/Reel-Rhythm2/Content/Assets/Landscape/Cliff_normal.uexp" 1647
"C:/Users/Aliss/Documents/GitHub/Reel-Rhythm2/Content/Assets/Landscape/M_Landscape.uasset" 1648
"C:/Users/Aliss/Documents/GitHub/Reel-Rhythm2/Content/Assets/Landscape/M_Landscape.uexp" 1649
"C:/Users/Aliss/Documents/GitHub/Reel-Rhythm2/Content/Assets/Texture_Files/Noise_normal.ubulk" 1650
"C:/Users/Aliss/Documents/GitHub/Reel-Rhythm2/Content/Assets/Texture_Files/Noise_normal.uasset" 1651
"C:/Users/Aliss/Documents/GitHub/Reel-Rhythm2/Content/Assets/Texture_Files/Noise_normal.uexp" 1652
"C:/Users/Aliss/Documents/GitHub/Reel-Rhythm2/Content/Assets/Texture_Files/Noise_basecolor.ubulk" 1653
"C:/Users/Aliss/Documents/GitHub/Reel-Rhythm2/Content/Assets/Texture_Files/Noise_basecolor.uasset" 1654
"C:/Users/Aliss/Documents/GitHub/Reel-Rhythm2/Content/Assets/Texture_Files/Noise_basecolor.uexp" 1655
"../../../Engine/Content/Functions/Engine_MaterialFunctions01/Gradient/LinearGradient.uasset" 1656
"../../../Engine/Content/Functions/Engine_MaterialFunctions01/Gradient/LinearGradient.uexp" 1657
"../../../Engine/Content/Functions/Engine_MaterialFunctions01/ImageAdjustment/CheapContrast.uasset" 1658
"../../../Engine/Content/Functions/Engine_MaterialFunctions01/ImageAdjustment/CheapContrast.uexp" 1659
"C:/Users/Aliss/Documents/GitHub/Reel-Rhythm2/Content/Assets/Materials/MM_Water.uasset" 1660
"C:/Users/Aliss/Documents/GitHub/Reel-Rhythm2/Content/Assets/Materials/MM_Water.uexp" 1661
"C:/Users/Aliss/Documents/GitHub/Reel-Rhythm2/Content/Assets/Materials/MI_Water.uasset" 1662
"C:/Users/Aliss/Documents/GitHub/Reel-Rhythm2/Content/Assets/Materials/MI_Water.uexp" 1663
"C:/Users/Aliss/Documents/GitHub/Reel-Rhythm2/Content/Assets/Texture_Files/LP_PlankPlane_Stylized_WoodPlankAtlas_Roughness.ubulk" 1664
"C:/Users/Aliss/Documents/GitHub/Reel-Rhythm2/Content/Assets/Texture_Files/LP_PlankPlane_Stylized_WoodPlankAtlas_Roughness.uasset" 1665
"C:/Users/Aliss/Documents/GitHub/Reel-Rhythm2/Content/Assets/Texture_Files/LP_PlankPlane_Stylized_WoodPlankAtlas_Roughness.uexp" 1666
"C:/Users/Aliss/Documents/GitHub/Reel-Rhythm2/Content/Assets/Texture_Files/LP_PlankPlane_Stylized_WoodPlankAtlas_Normal.ubulk" 1667
"C:/Users/Aliss/Documents/GitHub/Reel-Rhythm2/Content/Assets/Texture_Files/LP_PlankPlane_Stylized_WoodPlankAtlas_Normal.uasset" 1668
"C:/Users/Aliss/Documents/GitHub/Reel-Rhythm2/Content/Assets/Texture_Files/LP_PlankPlane_Stylized_WoodPlankAtlas_Normal.uexp" 1669
"C:/Users/Aliss/Documents/GitHub/Reel-Rhythm2/Content/Assets/Texture_Files/LP_PlankPlane_Stylized_WoodPlankAtlas_Metallic.ubulk" 1670
"C:/Users/Aliss/Documents/GitHub/Reel-Rhythm2/Content/Assets/Texture_Files/LP_PlankPlane_Stylized_WoodPlankAtlas_Metallic.uasset" 1671
"C:/Users/Aliss/Documents/GitHub/Reel-Rhythm2/Content/Assets/Texture_Files/LP_PlankPlane_Stylized_WoodPlankAtlas_Metallic.uexp" 1672
"C:/Users/Aliss/Documents/GitHub/Reel-Rhythm2/Content/Assets/Texture_Files/LP_PlankPlane_Stylized_WoodPlankAtlas_BaseColor.ubulk" 1673
"C:/Users/Aliss/Documents/GitHub/Reel-Rhythm2/Content/Assets/Texture_Files/LP_PlankPlane_Stylized_WoodPlankAtlas_BaseColor.uasset" 1674
"C:/Users/Aliss/Documents/GitHub/Reel-Rhythm2/Content/Assets/Texture_Files/LP_PlankPlane_Stylized_WoodPlankAtlas_BaseColor.uexp" 1675
"C:/Users/Aliss/Documents/GitHub/Reel-Rhythm2/Content/Assets/Materials/WoodPlanks.uasset" 1676
"C:/Users/Aliss/Documents/GitHub/Reel-Rhythm2/Content/Assets/Materials/WoodPlanks.uexp" 1677
"C:/Users/Aliss/Documents/GitHub/Reel-Rhythm2/Content/Assets/Texture_Files/Stylized_Rope_roughness.ubulk" 1678
"C:/Users/Aliss/Documents/GitHub/Reel-Rhythm2/Content/Assets/Texture_Files/Stylized_Rope_roughness.uasset" 1679
"C:/Users/Aliss/Documents/GitHub/Reel-Rhythm2/Content/Assets/Texture_Files/Stylized_Rope_roughness.uexp" 1680
"C:/Users/Aliss/Documents/GitHub/Reel-Rhythm2/Content/Assets/Texture_Files/Stylized_Rope_normal.ubulk" 1681
"C:/Users/Aliss/Documents/GitHub/Reel-Rhythm2/Content/Assets/Texture_Files/Stylized_Rope_normal.uasset" 1682
"C:/Users/Aliss/Documents/GitHub/Reel-Rhythm2/Content/Assets/Texture_Files/Stylized_Rope_normal.uexp" 1683
"C:/Users/Aliss/Documents/GitHub/Reel-Rhythm2/Content/Assets/Texture_Files/Stylized_Rope_metallic.ubulk" 1684
"C:/Users/Aliss/Documents/GitHub/Reel-Rhythm2/Content/Assets/Texture_Files/Stylized_Rope_metallic.uasset" 1685
"C:/Users/Aliss/Documents/GitHub/Reel-Rhythm2/Content/Assets/Texture_Files/Stylized_Rope_metallic.uexp" 1686
"C:/Users/Aliss/Documents/GitHub/Reel-Rhythm2/Content/Assets/Texture_Files/Stylized_Rope_basecolor.ubulk" 1687
"C:/Users/Aliss/Documents/GitHub/Reel-Rhythm2/Content/Assets/Texture_Files/Stylized_Rope_basecolor.uasset" 1688
"C:/Users/Aliss/Documents/GitHub/Reel-Rhythm2/Content/Assets/Texture_Files/Stylized_Rope_basecolor.uexp" 1689
"C:/Users/Aliss/Documents/GitHub/Reel-Rhythm2/Content/Assets/Materials/Rope.uasset" 1690
"C:/Users/Aliss/Documents/GitHub/Reel-Rhythm2/Content/Assets/Materials/Rope.uexp" 1691
"C:/Users/Aliss/Documents/GitHub/Reel-Rhythm2/Content/Assets/Models/Dock/Rope_29.ubulk" 1692
"C:/Users/Aliss/Documents/GitHub/Reel-Rhythm2/Content/Assets/Models/Dock/Rope_29.uasset" 1693
"C:/Users/Aliss/Documents/GitHub/Reel-Rhythm2/Content/Assets/Models/Dock/Rope_29.uexp" 1694
"C:/Users/Aliss/Documents/GitHub/Reel-Rhythm2/Content/Assets/Models/Dock/Rope_30.ubulk" 1695
"C:/Users/Aliss/Documents/GitHub/Reel-Rhythm2/Content/Assets/Models/Dock/Rope_30.uasset" 1696
"C:/Users/Aliss/Documents/GitHub/Reel-Rhythm2/Content/Assets/Models/Dock/Rope_30.uexp" 1697
"C:/Users/Aliss/Documents/GitHub/Reel-Rhythm2/Content/Assets/Models/Dock/Rope_31.ubulk" 1698
"C:/Users/Aliss/Documents/GitHub/Reel-Rhythm2/Content/Assets/Models/Dock/Rope_31.uasset" 1699
"C:/Users/Aliss/Documents/GitHub/Reel-Rhythm2/Content/Assets/Models/Dock/Rope_31.uexp" 1700
"C:/Users/Aliss/Documents/GitHub/Reel-Rhythm2/Content/Assets/Models/Dock/Rope_32.ubulk" 1701
"C:/Users/Aliss/Documents/GitHub/Reel-Rhythm2/Content/Assets/Models/Dock/Rope_32.uasset" 1702
"C:/Users/Aliss/Documents/GitHub/Reel-Rhythm2/Content/Assets/Models/Dock/Rope_32.uexp" 1703
"C:/Users/Aliss/Documents/GitHub/Reel-Rhythm2/Content/Assets/Models/Dock/Rope_33.ubulk" 1704
"C:/Users/Aliss/Documents/GitHub/Reel-Rhythm2/Content/Assets/Models/Dock/Rope_33.uasset" 1705
"C:/Users/Aliss/Documents/GitHub/Reel-Rhythm2/Content/Assets/Models/Dock/Rope_33.uexp" 1706
"C:/Users/Aliss/Documents/GitHub/Reel-Rhythm2/Content/Assets/Models/Dock/polySurface101.ubulk" 1707
"C:/Users/Aliss/Documents/GitHub/Reel-Rhythm2/Content/Assets/Models/Dock/polySurface101.uasset" 1708
"C:/Users/Aliss/Documents/GitHub/Reel-Rhythm2/Content/Assets/Models/Dock/polySurface101.uexp" 1709
"C:/Users/Aliss/Documents/GitHub/Reel-Rhythm2/Content/Assets/Models/Dock/DockPieace_polySurface81.ubulk" 1710
"C:/Users/Aliss/Documents/GitHub/Reel-Rhythm2/Content/Assets/Models/Dock/DockPieace_polySurface81.uasset" 1711
"C:/Users/Aliss/Documents/GitHub/Reel-Rhythm2/Content/Assets/Models/Dock/DockPieace_polySurface81.uexp" 1712
"C:/Users/Aliss/Documents/GitHub/Reel-Rhythm2/Content/Assets/Models/Dock/polySurface100.ubulk" 1713
"C:/Users/Aliss/Documents/GitHub/Reel-Rhythm2/Content/Assets/Models/Dock/polySurface100.uasset" 1714
"C:/Users/Aliss/Documents/GitHub/Reel-Rhythm2/Content/Assets/Models/Dock/polySurface100.uexp" 1715
"C:/Users/Aliss/Documents/GitHub/Reel-Rhythm2/Content/Assets/Models/Dock/polySurface82.ubulk" 1716
"C:/Users/Aliss/Documents/GitHub/Reel-Rhythm2/Content/Assets/Models/Dock/polySurface82.uasset" 1717
"C:/Users/Aliss/Documents/GitHub/Reel-Rhythm2/Content/Assets/Models/Dock/polySurface82.uexp" 1718
"C:/Users/Aliss/Documents/GitHub/Reel-Rhythm2/Content/Assets/Models/Dock/polySurface102.ubulk" 1719
"C:/Users/Aliss/Documents/GitHub/Reel-Rhythm2/Content/Assets/Models/Dock/polySurface102.uasset" 1720
"C:/Users/Aliss/Documents/GitHub/Reel-Rhythm2/Content/Assets/Models/Dock/polySurface102.uexp" 1721
"C:/Users/Aliss/Documents/GitHub/Reel-Rhythm2/Content/Assets/Models/Dock/polySurface91.ubulk" 1722
"C:/Users/Aliss/Documents/GitHub/Reel-Rhythm2/Content/Assets/Models/Dock/polySurface91.uasset" 1723
"C:/Users/Aliss/Documents/GitHub/Reel-Rhythm2/Content/Assets/Models/Dock/polySurface91.uexp" 1724
"C:/Users/Aliss/Documents/GitHub/Reel-Rhythm2/Content/Assets/Models/Dock/Rope_09.ubulk" 1725
"C:/Users/Aliss/Documents/GitHub/Reel-Rhythm2/Content/Assets/Models/Dock/Rope_09.uasset" 1726
"C:/Users/Aliss/Documents/GitHub/Reel-Rhythm2/Content/Assets/Models/Dock/Rope_09.uexp" 1727
"C:/Users/Aliss/Documents/GitHub/Reel-Rhythm2/Content/Assets/Models/Dock/polySurface104.ubulk" 1728
"C:/Users/Aliss/Documents/GitHub/Reel-Rhythm2/Content/Assets/Models/Dock/polySurface104.uasset" 1729
"C:/Users/Aliss/Documents/GitHub/Reel-Rhythm2/Content/Assets/Models/Dock/polySurface104.uexp" 1730
"C:/Users/Aliss/Documents/GitHub/Reel-Rhythm2/Content/Assets/Models/Dock/polySurface97.ubulk" 1731
"C:/Users/Aliss/Documents/GitHub/Reel-Rhythm2/Content/Assets/Models/Dock/polySurface97.uasset" 1732
"C:/Users/Aliss/Documents/GitHub/Reel-Rhythm2/Content/Assets/Models/Dock/polySurface97.uexp" 1733
"C:/Users/Aliss/Documents/GitHub/Reel-Rhythm2/Content/Assets/Models/Dock/DockPieace_pCube99.ubulk" 1734
"C:/Users/Aliss/Documents/GitHub/Reel-Rhythm2/Content/Assets/Models/Dock/DockPieace_pCube99.uasset" 1735
"C:/Users/Aliss/Documents/GitHub/Reel-Rhythm2/Content/Assets/Models/Dock/DockPieace_pCube99.uexp" 1736
"C:/Users/Aliss/Documents/GitHub/Reel-Rhythm2/Content/Assets/Models/Dock/Rope_04.ubulk" 1737
"C:/Users/Aliss/Documents/GitHub/Reel-Rhythm2/Content/Assets/Models/Dock/Rope_04.uasset" 1738
"C:/Users/Aliss/Documents/GitHub/Reel-Rhythm2/Content/Assets/Models/Dock/Rope_04.uexp" 1739
"C:/Users/Aliss/Documents/GitHub/Reel-Rhythm2/Content/Assets/Models/Dock/polySurface103.ubulk" 1740
"C:/Users/Aliss/Documents/GitHub/Reel-Rhythm2/Content/Assets/Models/Dock/polySurface103.uasset" 1741
"C:/Users/Aliss/Documents/GitHub/Reel-Rhythm2/Content/Assets/Models/Dock/polySurface103.uexp" 1742
"C:/Users/Aliss/Documents/GitHub/Reel-Rhythm2/Content/Assets/Texture_Files/LP_PlankPlane_Stylized_WoodPlankAtlasPaint_Normal.ubulk" 1743
"C:/Users/Aliss/Documents/GitHub/Reel-Rhythm2/Content/Assets/Texture_Files/LP_PlankPlane_Stylized_WoodPlankAtlasPaint_Normal.uasset" 1744
"C:/Users/Aliss/Documents/GitHub/Reel-Rhythm2/Content/Assets/Texture_Files/LP_PlankPlane_Stylized_WoodPlankAtlasPaint_Normal.uexp" 1745
"C:/Users/Aliss/Documents/GitHub/Reel-Rhythm2/Content/Assets/Texture_Files/LP_PlankPlane_Stylized_WoodPlankAtlasPaint_Metallic.ubulk" 1746
"C:/Users/Aliss/Documents/GitHub/Reel-Rhythm2/Content/Assets/Texture_Files/LP_PlankPlane_Stylized_WoodPlankAtlasPaint_Metallic.uasset" 1747
"C:/Users/Aliss/Documents/GitHub/Reel-Rhythm2/Content/Assets/Texture_Files/LP_PlankPlane_Stylized_WoodPlankAtlasPaint_Metallic.uexp" 1748
"C:/Users/Aliss/Documents/GitHub/Reel-Rhythm2/Content/Assets/Texture_Files/LP_PlankPlane_Stylized_WoodPlankAtlasPaint_BaseColor.ubulk" 1749
"C:/Users/Aliss/Documents/GitHub/Reel-Rhythm2/Content/Assets/Texture_Files/LP_PlankPlane_Stylized_WoodPlankAtlasPaint_BaseColor.uasset" 1750
"C:/Users/Aliss/Documents/GitHub/Reel-Rhythm2/Content/Assets/Texture_Files/LP_PlankPlane_Stylized_WoodPlankAtlasPaint_BaseColor.uexp" 1751
"C:/Users/Aliss/Documents/GitHub/Reel-Rhythm2/Content/Assets/Materials/WoodPlankPainted.uasset" 1752
"C:/Users/Aliss/Documents/GitHub/Reel-Rhythm2/Content/Assets/Materials/WoodPlankPainted.uexp" 1753
"C:/Users/Aliss/Documents/GitHub/Reel-Rhythm2/Content/Assets/Texture_Files/HutSecondaryProos_HutSecondaryProps_Roughness.ubulk" 1754
"C:/Users/Aliss/Documents/GitHub/Reel-Rhythm2/Content/Assets/Texture_Files/HutSecondaryProos_HutSecondaryProps_Roughness.uasset" 1755
"C:/Users/Aliss/Documents/GitHub/Reel-Rhythm2/Content/Assets/Texture_Files/HutSecondaryProos_HutSecondaryProps_Roughness.uexp" 1756
"C:/Users/Aliss/Documents/GitHub/Reel-Rhythm2/Content/Assets/Texture_Files/HutSecondaryProos_HutSecondaryProps_Normal.ubulk" 1757
"C:/Users/Aliss/Documents/GitHub/Reel-Rhythm2/Content/Assets/Texture_Files/HutSecondaryProos_HutSecondaryProps_Normal.uasset" 1758
"C:/Users/Aliss/Documents/GitHub/Reel-Rhythm2/Content/Assets/Texture_Files/HutSecondaryProos_HutSecondaryProps_Normal.uexp" 1759
"C:/Users/Aliss/Documents/GitHub/Reel-Rhythm2/Content/Assets/Texture_Files/HutSecondaryProos_HutSecondaryProps_Metallic.ubulk" 1760
"C:/Users/Aliss/Documents/GitHub/Reel-Rhythm2/Content/Assets/Texture_Files/HutSecondaryProos_HutSecondaryProps_Metallic.uasset" 1761
"C:/Users/Aliss/Documents/GitHub/Reel-Rhythm2/Content/Assets/Texture_Files/HutSecondaryProos_HutSecondaryProps_Metallic.uexp" 1762
"C:/Users/Aliss/Documents/GitHub/Reel-Rhythm2/Content/Assets/Texture_Files/HutSecondaryProos_HutSecondaryProps_BaseColor.ubulk" 1763
"C:/Users/Aliss/Documents/GitHub/Reel-Rhythm2/Content/Assets/Texture_Files/HutSecondaryProos_HutSecondaryProps_BaseColor.uasset" 1764
"C:/Users/Aliss/Documents/GitHub/Reel-Rhythm2/Content/Assets/Texture_Files/HutSecondaryProos_HutSecondaryProps_BaseColor.uexp" 1765
"C:/Users/Aliss/Documents/GitHub/Reel-Rhythm2/Content/Assets/Materials/HutSecondaryProps.uasset" 1766
"C:/Users/Aliss/Documents/GitHub/Reel-Rhythm2/Content/Assets/Materials/HutSecondaryProps.uexp" 1767
"C:/Users/Aliss/Documents/GitHub/Reel-Rhythm2/Content/Assets/Texture_Files/TileRoof_normal.ubulk" 1768
"C:/Users/Aliss/Documents/GitHub/Reel-Rhythm2/Content/Assets/Texture_Files/TileRoof_normal.uasset" 1769
"C:/Users/Aliss/Documents/GitHub/Reel-Rhythm2/Content/Assets/Texture_Files/TileRoof_normal.uexp" 1770
"C:/Users/Aliss/Documents/GitHub/Reel-Rhythm2/Content/Assets/Texture_Files/TileRoof_height.ubulk" 1771
"C:/Users/Aliss/Documents/GitHub/Reel-Rhythm2/Content/Assets/Texture_Files/TileRoof_height.uasset" 1772
"C:/Users/Aliss/Documents/GitHub/Reel-Rhythm2/Content/Assets/Texture_Files/TileRoof_height.uexp" 1773
"C:/Users/Aliss/Documents/GitHub/Reel-Rhythm2/Content/Assets/Texture_Files/TileRoof_basecolor.ubulk" 1774
"C:/Users/Aliss/Documents/GitHub/Reel-Rhythm2/Content/Assets/Texture_Files/TileRoof_basecolor.uasset" 1775
"C:/Users/Aliss/Documents/GitHub/Reel-Rhythm2/Content/Assets/Texture_Files/TileRoof_basecolor.uexp" 1776
"C:/Users/Aliss/Documents/GitHub/Reel-Rhythm2/Content/Assets/Materials/Roof.uasset" 1777
"C:/Users/Aliss/Documents/GitHub/Reel-Rhythm2/Content/Assets/Materials/Roof.uexp" 1778
"C:/Users/Aliss/Documents/GitHub/Reel-Rhythm2/Content/Assets/Materials/Signage.uasset" 1779
"C:/Users/Aliss/Documents/GitHub/Reel-Rhythm2/Content/Assets/Materials/Signage.uexp" 1780
"C:/Users/Aliss/Documents/GitHub/Reel-Rhythm2/Content/Assets/Texture_Files/TinRoof_TinRoof1_Roughness.ubulk" 1781
"C:/Users/Aliss/Documents/GitHub/Reel-Rhythm2/Content/Assets/Texture_Files/TinRoof_TinRoof1_Roughness.uasset" 1782
"C:/Users/Aliss/Documents/GitHub/Reel-Rhythm2/Content/Assets/Texture_Files/TinRoof_TinRoof1_Roughness.uexp" 1783
"C:/Users/Aliss/Documents/GitHub/Reel-Rhythm2/Content/Assets/Texture_Files/TinRoof_TinRoof1_Normal.ubulk" 1784
"C:/Users/Aliss/Documents/GitHub/Reel-Rhythm2/Content/Assets/Texture_Files/TinRoof_TinRoof1_Normal.uasset" 1785
"C:/Users/Aliss/Documents/GitHub/Reel-Rhythm2/Content/Assets/Texture_Files/TinRoof_TinRoof1_Normal.uexp" 1786
"C:/Users/Aliss/Documents/GitHub/Reel-Rhythm2/Content/Assets/Texture_Files/TinRoof_TinRoof1_Metallic.ubulk" 1787
"C:/Users/Aliss/Documents/GitHub/Reel-Rhythm2/Content/Assets/Texture_Files/TinRoof_TinRoof1_Metallic.uasset" 1788
"C:/Users/Aliss/Documents/GitHub/Reel-Rhythm2/Content/Assets/Texture_Files/TinRoof_TinRoof1_Metallic.uexp" 1789
"C:/Users/Aliss/Documents/GitHub/Reel-Rhythm2/Content/Assets/Texture_Files/TinRoof_TinRoof1_BaseColor.ubulk" 1790
"C:/Users/Aliss/Documents/GitHub/Reel-Rhythm2/Content/Assets/Texture_Files/TinRoof_TinRoof1_BaseColor.uasset" 1791
"C:/Users/Aliss/Documents/GitHub/Reel-Rhythm2/Content/Assets/Texture_Files/TinRoof_TinRoof1_BaseColor.uexp" 1792
"C:/Users/Aliss/Documents/GitHub/Reel-Rhythm2/Content/Assets/Materials/TinRoof.uasset" 1793
"C:/Users/Aliss/Documents/GitHub/Reel-Rhythm2/Content/Assets/Materials/TinRoof.uexp" 1794
"C:/Users/Aliss/Documents/GitHub/Reel-Rhythm2/Content/Assets/Models/Beach_FishingHut.ubulk" 1795
"C:/Users/Aliss/Documents/GitHub/Reel-Rhythm2/Content/Assets/Models/Beach_FishingHut.uasset" 1796
"C:/Users/Aliss/Documents/GitHub/Reel-Rhythm2/Content/Assets/Models/Beach_FishingHut.uexp" 1797
"C:/Users/Aliss/Documents/GitHub/Reel-Rhythm2/Content/LevelOne-Beach_sharedassets/Cave_LayerInfo_1.uasset" 1798
"C:/Users/Aliss/Documents/GitHub/Reel-Rhythm2/Content/LevelOne-Beach_sharedassets/Cave_LayerInfo_1.uexp" 1799
"C:/Users/Aliss/Documents/GitHub/Reel-Rhythm2/Content/LevelOne-Beach_sharedassets/Cliff_LayerInfo_1.uasset" 1800
"C:/Users/Aliss/Documents/GitHub/Reel-Rhythm2/Content/LevelOne-Beach_sharedassets/Cliff_LayerInfo_1.uexp" 1801
"C:/Users/Aliss/Documents/GitHub/Reel-Rhythm2/Content/LevelOne-Beach_sharedassets/Grass_LayerInfo_1.uasset" 1802
"C:/Users/Aliss/Documents/GitHub/Reel-Rhythm2/Content/LevelOne-Beach_sharedassets/Grass_LayerInfo_1.uexp" 1803
"C:/Users/Aliss/Documents/GitHub/Reel-Rhythm2/Content/LevelOne-Beach_sharedassets/Sand_LayerInfo_1.uasset" 1804
"C:/Users/Aliss/Documents/GitHub/Reel-Rhythm2/Content/LevelOne-Beach_sharedassets/Sand_LayerInfo_1.uexp" 1805
"C:/Users/Aliss/Documents/GitHub/Reel-Rhythm2/Content/TitleScreen.uexp" 1806
"C:/Users/Aliss/Documents/GitHub/Reel-Rhythm2/Content/TitleScreen.ubulk" 1807
"C:/Users/Aliss/Documents/GitHub/Reel-Rhythm2/Content/TitleScreen.umap" 1808
"C:/Users/Aliss/Documents/GitHub/Reel-Rhythm2/Content/WBP_TrashCheckList.uasset" 1809
"C:/Users/Aliss/Documents/GitHub/Reel-Rhythm2/Content/WBP_TrashCheckList.uexp" 1810
"C:/Users/Aliss/Documents/GitHub/Reel-Rhythm2/Content/BP_ToyCarGuardianSwamp.uasset" 1811
"C:/Users/Aliss/Documents/GitHub/Reel-Rhythm2/Content/BP_ToyCarGuardianSwamp.uexp" 1812
"C:/Users/Aliss/Documents/GitHub/Reel-Rhythm2/Content/BP_ToyCarGuardianCrystalCave.uasset" 1813
"C:/Users/Aliss/Documents/GitHub/Reel-Rhythm2/Content/BP_ToyCarGuardianCrystalCave.uexp" 1814
"../../../Engine/Content/BasicShapes/Cube.ubulk" 1815
"../../../Engine/Content/BasicShapes/Cube.uasset" 1816
"../../../Engine/Content/BasicShapes/Cube.uexp" 1817
"../../../Engine/Content/BasicShapes/Sphere.ubulk" 1818
"../../../Engine/Content/BasicShapes/Sphere.uasset" 1819
"../../../Engine/Content/BasicShapes/Sphere.uexp" 1820
"C:/Users/Aliss/Documents/GitHub/Reel-Rhythm2/Content/MAT_TikiTorch.uasset" 1821
"C:/Users/Aliss/Documents/GitHub/Reel-Rhythm2/Content/MAT_TikiTorch.uexp" 1822
"../../../Engine/Content/BasicShapes/BasicShapeMaterial.uasset" 1823
"../../../Engine/Content/BasicShapes/BasicShapeMaterial.uexp" 1824
"C:/Users/Aliss/Documents/GitHub/Reel-Rhythm2/Content/BP_TikiTorch.uasset" 1825
"C:/Users/Aliss/Documents/GitHub/Reel-Rhythm2/Content/BP_TikiTorch.uexp" 1826
"C:/Users/Aliss/Documents/GitHub/Reel-Rhythm2/Content/BP_SwampTrigger.uasset" 1827
"C:/Users/Aliss/Documents/GitHub/Reel-Rhythm2/Content/BP_SwampTrigger.uexp" 1828
"C:/Users/Aliss/Documents/GitHub/Reel-Rhythm2/Content/BP_StoreLight.uasset" 1829
"C:/Users/Aliss/Documents/GitHub/Reel-Rhythm2/Content/BP_StoreLight.uexp" 1830
"C:/Users/Aliss/Documents/GitHub/Reel-Rhythm2/Content/BP_OceanTrigger.uasset" 1831
"C:/Users/Aliss/Documents/GitHub/Reel-Rhythm2/Content/BP_OceanTrigger.uexp" 1832
"C:/Users/Aliss/Documents/GitHub/Reel-Rhythm2/Content/MAT_FireFly.uasset" 1833
"C:/Users/Aliss/Documents/GitHub/Reel-Rhythm2/Content/MAT_FireFly.uexp" 1834
"../../../Engine/Plugins/FX/Niagara/Content/VectorFields/Assets/TilingCurl32.uasset" 1835
"../../../Engine/Plugins/FX/Niagara/Content/VectorFields/Assets/TilingCurl32.uexp" 1836
"C:/Users/Aliss/Documents/GitHub/Reel-Rhythm2/Content/ParticleSystems/NS_FireFlies.uasset" 1837
"C:/Users/Aliss/Documents/GitHub/Reel-Rhythm2/Content/ParticleSystems/NS_FireFlies.uexp" 1838
"C:/Users/Aliss/Documents/GitHub/Reel-Rhythm2/Content/BP_FireFlies.uasset" 1839
"C:/Users/Aliss/Documents/GitHub/Reel-Rhythm2/Content/BP_FireFlies.uexp" 1840
"C:/Users/Aliss/Documents/GitHub/Reel-Rhythm2/Content/BP_CrystalCaveTrigger.uasset" 1841
"C:/Users/Aliss/Documents/GitHub/Reel-Rhythm2/Content/BP_CrystalCaveTrigger.uexp" 1842
"C:/Users/Aliss/Documents/GitHub/Reel-Rhythm2/Content/UI/ShopUIBG.uasset" 1843
"C:/Users/Aliss/Documents/GitHub/Reel-Rhythm2/Content/UI/ShopUIBG.uexp" 1844
"C:/Users/Aliss/Documents/GitHub/Reel-Rhythm2/Content/BraydensWork/Inventory/BPI_Item.uasset" 1845
"C:/Users/Aliss/Documents/GitHub/Reel-Rhythm2/Content/BraydensWork/Inventory/BPI_Item.uexp" 1846
"C:/Users/Aliss/Documents/GitHub/Reel-Rhythm2/Content/UI/ShopUINew2.uasset" 1847
"C:/Users/Aliss/Documents/GitHub/Reel-Rhythm2/Content/UI/ShopUINew2.uexp" 1848
"C:/Users/Aliss/Documents/GitHub/Reel-Rhythm2/Content/BraydensWork/Shop/Shop_UI.uasset" 1849
"C:/Users/Aliss/Documents/GitHub/Reel-Rhythm2/Content/BraydensWork/Shop/Shop_UI.uexp" 1850
"C:/Users/Aliss/Documents/GitHub/Reel-Rhythm2/Content/BraydensWork/Shop/shop_open.ubulk" 1851
"C:/Users/Aliss/Documents/GitHub/Reel-Rhythm2/Content/BraydensWork/Shop/shop_open.uasset" 1852
"C:/Users/Aliss/Documents/GitHub/Reel-Rhythm2/Content/BraydensWork/Shop/shop_open.uexp" 1853
"C:/Users/Aliss/Documents/GitHub/Reel-Rhythm2/Content/BraydensWork/Shop/BP_Shop.uasset" 1854
"C:/Users/Aliss/Documents/GitHub/Reel-Rhythm2/Content/BraydensWork/Shop/BP_Shop.uexp" 1855
"C:/Users/Aliss/Documents/GitHub/Reel-Rhythm2/Content/DayNightSequence/T_Moon_N.ubulk" 1856
"C:/Users/Aliss/Documents/GitHub/Reel-Rhythm2/Content/DayNightSequence/T_Moon_N.uasset" 1857
"C:/Users/Aliss/Documents/GitHub/Reel-Rhythm2/Content/DayNightSequence/T_Moon_N.uexp" 1858
"C:/Users/Aliss/Documents/GitHub/Reel-Rhythm2/Content/DayNightSequence/T_Moon_D.ubulk" 1859
"C:/Users/Aliss/Documents/GitHub/Reel-Rhythm2/Content/DayNightSequence/T_Moon_D.uasset" 1860
"C:/Users/Aliss/Documents/GitHub/Reel-Rhythm2/Content/DayNightSequence/T_Moon_D.uexp" 1861
"C:/Users/Aliss/Documents/GitHub/Reel-Rhythm2/Content/DayNightSequence/M_24HrSky.uasset" 1862
"C:/Users/Aliss/Documents/GitHub/Reel-Rhythm2/Content/DayNightSequence/M_24HrSky.uexp" 1863
"C:/Users/Aliss/Documents/GitHub/Reel-Rhythm2/Content/DayNightSequence/MI_24hrSky.uasset" 1864
"C:/Users/Aliss/Documents/GitHub/Reel-Rhythm2/Content/DayNightSequence/MI_24hrSky.uexp" 1865
"C:/Users/Aliss/Documents/GitHub/Reel-Rhythm2/Content/DayNightSequence/DS_24hr.uasset" 1866
"C:/Users/Aliss/Documents/GitHub/Reel-Rhythm2/Content/DayNightSequence/DS_24hr.uexp" 1867
"C:/Users/Aliss/Documents/GitHub/Reel-Rhythm2/Content/DayNightSequence/DSCA_24hr.uasset" 1868
"C:/Users/Aliss/Documents/GitHub/Reel-Rhythm2/Content/DayNightSequence/DSCA_24hr.uexp" 1869
"C:/Users/Aliss/Documents/GitHub/Reel-Rhythm2/Content/Sounds+Music/short-success-sound-glockenspiel-treasure-video-game-6346.ubulk" 1870
"C:/Users/Aliss/Documents/GitHub/Reel-Rhythm2/Content/Sounds+Music/short-success-sound-glockenspiel-treasure-video-game-6346.uasset" 1871
"C:/Users/Aliss/Documents/GitHub/Reel-Rhythm2/Content/Sounds+Music/short-success-sound-glockenspiel-treasure-video-game-6346.uexp" 1872
"C:/Users/Aliss/Documents/GitHub/Reel-Rhythm2/Content/Sounds+Music/plastic-bottle-scrunch-170427_1460-79913.ubulk" 1873
"C:/Users/Aliss/Documents/GitHub/Reel-Rhythm2/Content/Sounds+Music/plastic-bottle-scrunch-170427_1460-79913.uasset" 1874
"C:/Users/Aliss/Documents/GitHub/Reel-Rhythm2/Content/Sounds+Music/plastic-bottle-scrunch-170427_1460-79913.uexp" 1875
"C:/Users/Aliss/Documents/GitHub/Reel-Rhythm2/Content/Assets/Texture_Files/Trash_TextureFiles/Tire_low_initialShadingGroup_BaseColor.ubulk" 1876
"C:/Users/Aliss/Documents/GitHub/Reel-Rhythm2/Content/Assets/Texture_Files/Trash_TextureFiles/Tire_low_initialShadingGroup_BaseColor.uasset" 1877
"C:/Users/Aliss/Documents/GitHub/Reel-Rhythm2/Content/Assets/Texture_Files/Trash_TextureFiles/Tire_low_initialShadingGroup_BaseColor.uexp" 1878
"C:/Users/Aliss/Documents/GitHub/Reel-Rhythm2/Content/Assets/Texture_Files/Trash_TextureFiles/Tire_low_initialShadingGroup_Normal.ubulk" 1879
"C:/Users/Aliss/Documents/GitHub/Reel-Rhythm2/Content/Assets/Texture_Files/Trash_TextureFiles/Tire_low_initialShadingGroup_Normal.uasset" 1880
"C:/Users/Aliss/Documents/GitHub/Reel-Rhythm2/Content/Assets/Texture_Files/Trash_TextureFiles/Tire_low_initialShadingGroup_Normal.uexp" 1881
"C:/Users/Aliss/Documents/GitHub/Reel-Rhythm2/Content/Assets/Texture_Files/Trash_TextureFiles/Tire_low_initialShadingGroup_Roughness.ubulk" 1882
"C:/Users/Aliss/Documents/GitHub/Reel-Rhythm2/Content/Assets/Texture_Files/Trash_TextureFiles/Tire_low_initialShadingGroup_Roughness.uasset" 1883
"C:/Users/Aliss/Documents/GitHub/Reel-Rhythm2/Content/Assets/Texture_Files/Trash_TextureFiles/Tire_low_initialShadingGroup_Roughness.uexp" 1884
"C:/Users/Aliss/Documents/GitHub/Reel-Rhythm2/Content/Assets/Materials/Tire.uasset" 1885
"C:/Users/Aliss/Documents/GitHub/Reel-Rhythm2/Content/Assets/Materials/Tire.uexp" 1886
"C:/Users/Aliss/Documents/GitHub/Reel-Rhythm2/Content/Assets/Models/Trash/Tire_low.ubulk" 1887
"C:/Users/Aliss/Documents/GitHub/Reel-Rhythm2/Content/Assets/Models/Trash/Tire_low.uasset" 1888
"C:/Users/Aliss/Documents/GitHub/Reel-Rhythm2/Content/Assets/Models/Trash/Tire_low.uexp" 1889
"C:/Users/Aliss/Documents/GitHub/Reel-Rhythm2/Content/BraydensWork/TrashPickup/TrashPickup.uasset" 1890
"C:/Users/Aliss/Documents/GitHub/Reel-Rhythm2/Content/BraydensWork/TrashPickup/TrashPickup.uexp" 1891
"../../../Engine/Content/Functions/Engine_MaterialFunctions02/HueShift.uasset" 1892
"../../../Engine/Content/Functions/Engine_MaterialFunctions02/HueShift.uexp" 1893
"C:/Users/Aliss/Documents/GitHub/Reel-Rhythm2/Content/Assets/Texture_Files/Starfish_Starfish_BaseColor.ubulk" 1894
"C:/Users/Aliss/Documents/GitHub/Reel-Rhythm2/Content/Assets/Texture_Files/Starfish_Starfish_BaseColor.uasset" 1895
"C:/Users/Aliss/Documents/GitHub/Reel-Rhythm2/Content/Assets/Texture_Files/Starfish_Starfish_BaseColor.uexp" 1896
"C:/Users/Aliss/Documents/GitHub/Reel-Rhythm2/Content/Assets/Materials/M_starfish.uasset" 1897
"C:/Users/Aliss/Documents/GitHub/Reel-Rhythm2/Content/Assets/Materials/M_starfish.uexp" 1898
"C:/Users/Aliss/Documents/GitHub/Reel-Rhythm2/Content/Assets/Materials/MI_starfishRed.uasset" 1899
"C:/Users/Aliss/Documents/GitHub/Reel-Rhythm2/Content/Assets/Materials/MI_starfishRed.uexp" 1900
"C:/Users/Aliss/Documents/GitHub/Reel-Rhythm2/Content/Assets/Models/Starfish.ubulk" 1901
"C:/Users/Aliss/Documents/GitHub/Reel-Rhythm2/Content/Assets/Models/Starfish.uasset" 1902
"C:/Users/Aliss/Documents/GitHub/Reel-Rhythm2/Content/Assets/Models/Starfish.uexp" 1903
"C:/Users/Aliss/Documents/GitHub/Reel-Rhythm2/Content/Assets/Texture_Files/Rock_01_Lp_Rock_01_Roughness.ubulk" 1904
"C:/Users/Aliss/Documents/GitHub/Reel-Rhythm2/Content/Assets/Texture_Files/Rock_01_Lp_Rock_01_Roughness.uasset" 1905
"C:/Users/Aliss/Documents/GitHub/Reel-Rhythm2/Content/Assets/Texture_Files/Rock_01_Lp_Rock_01_Roughness.uexp" 1906
"C:/Users/Aliss/Documents/GitHub/Reel-Rhythm2/Content/Assets/Texture_Files/Rock_01_Lp_Rock_01_Normal.ubulk" 1907
"C:/Users/Aliss/Documents/GitHub/Reel-Rhythm2/Content/Assets/Texture_Files/Rock_01_Lp_Rock_01_Normal.uasset" 1908
"C:/Users/Aliss/Documents/GitHub/Reel-Rhythm2/Content/Assets/Texture_Files/Rock_01_Lp_Rock_01_Normal.uexp" 1909
"C:/Users/Aliss/Documents/GitHub/Reel-Rhythm2/Content/Assets/Texture_Files/Rock_01_Lp_Rock_01_BaseColor.ubulk" 1910
"C:/Users/Aliss/Documents/GitHub/Reel-Rhythm2/Content/Assets/Texture_Files/Rock_01_Lp_Rock_01_BaseColor.uasset" 1911
"C:/Users/Aliss/Documents/GitHub/Reel-Rhythm2/Content/Assets/Texture_Files/Rock_01_Lp_Rock_01_BaseColor.uexp" 1912
"C:/Users/Aliss/Documents/GitHub/Reel-Rhythm2/Content/Assets/Materials/Rock_01.uasset" 1913
"C:/Users/Aliss/Documents/GitHub/Reel-Rhythm2/Content/Assets/Materials/Rock_01.uexp" 1914
"C:/Users/Aliss/Documents/GitHub/Reel-Rhythm2/Content/Assets/Models/Rock_01_Lp.ubulk" 1915
"C:/Users/Aliss/Documents/GitHub/Reel-Rhythm2/Content/Assets/Models/Rock_01_Lp.uasset" 1916
"C:/Users/Aliss/Documents/GitHub/Reel-Rhythm2/Content/Assets/Models/Rock_01_Lp.uexp" 1917
"C:/Users/Aliss/Documents/GitHub/Reel-Rhythm2/Content/Assets/Materials/MI_starfishOrange.uasset" 1918
"C:/Users/Aliss/Documents/GitHub/Reel-Rhythm2/Content/Assets/Materials/MI_starfishOrange.uexp" 1919
"C:/Users/Aliss/Documents/GitHub/Reel-Rhythm2/Content/Assets/Texture_Files/Crystaks_crystals_Roughness.ubulk" 1920
"C:/Users/Aliss/Documents/GitHub/Reel-Rhythm2/Content/Assets/Texture_Files/Crystaks_crystals_Roughness.uasset" 1921
"C:/Users/Aliss/Documents/GitHub/Reel-Rhythm2/Content/Assets/Texture_Files/Crystaks_crystals_Roughness.uexp" 1922
"C:/Users/Aliss/Documents/GitHub/Reel-Rhythm2/Content/Assets/Texture_Files/Crystaks_crystals_Normal.ubulk" 1923
"C:/Users/Aliss/Documents/GitHub/Reel-Rhythm2/Content/Assets/Texture_Files/Crystaks_crystals_Normal.uasset" 1924
"C:/Users/Aliss/Documents/GitHub/Reel-Rhythm2/Content/Assets/Texture_Files/Crystaks_crystals_Normal.uexp" 1925
"C:/Users/Aliss/Documents/GitHub/Reel-Rhythm2/Content/Assets/Texture_Files/Crystaks_crystals_Metallic.ubulk" 1926
"C:/Users/Aliss/Documents/GitHub/Reel-Rhythm2/Content/Assets/Texture_Files/Crystaks_crystals_Metallic.uasset" 1927
"C:/Users/Aliss/Documents/GitHub/Reel-Rhythm2/Content/Assets/Texture_Files/Crystaks_crystals_Metallic.uexp" 1928
"C:/Users/Aliss/Documents/GitHub/Reel-Rhythm2/Content/Assets/Texture_Files/Crystaks_crystals_BaseColor.ubulk" 1929
"C:/Users/Aliss/Documents/GitHub/Reel-Rhythm2/Content/Assets/Texture_Files/Crystaks_crystals_BaseColor.uasset" 1930
"C:/Users/Aliss/Documents/GitHub/Reel-Rhythm2/Content/Assets/Texture_Files/Crystaks_crystals_BaseColor.uexp" 1931
"C:/Users/Aliss/Documents/GitHub/Reel-Rhythm2/Content/Assets/Materials/M_crystals.uasset" 1932
"C:/Users/Aliss/Documents/GitHub/Reel-Rhythm2/Content/Assets/Materials/M_crystals.uexp" 1933
"C:/Users/Aliss/Documents/GitHub/Reel-Rhythm2/Content/Assets/Materials/MI_crystals.uasset" 1934
"C:/Users/Aliss/Documents/GitHub/Reel-Rhythm2/Content/Assets/Materials/MI_crystals.uexp" 1935
"C:/Users/Aliss/Documents/GitHub/Reel-Rhythm2/Content/Assets/Models/Crystaks.ubulk" 1936
"C:/Users/Aliss/Documents/GitHub/Reel-Rhythm2/Content/Assets/Models/Crystaks.uasset" 1937
"C:/Users/Aliss/Documents/GitHub/Reel-Rhythm2/Content/Assets/Models/Crystaks.uexp" 1938
"C:/Users/Aliss/Documents/GitHub/Reel-Rhythm2/Content/Assets/Texture_Files/tiki_Roughness.ubulk" 1939
"C:/Users/Aliss/Documents/GitHub/Reel-Rhythm2/Content/Assets/Texture_Files/tiki_Roughness.uasset" 1940
"C:/Users/Aliss/Documents/GitHub/Reel-Rhythm2/Content/Assets/Texture_Files/tiki_Roughness.uexp" 1941
"C:/Users/Aliss/Documents/GitHub/Reel-Rhythm2/Content/Assets/Texture_Files/tiki_Normal_OpenGL.ubulk" 1942
"C:/Users/Aliss/Documents/GitHub/Reel-Rhythm2/Content/Assets/Texture_Files/tiki_Normal_OpenGL.uasset" 1943
"C:/Users/Aliss/Documents/GitHub/Reel-Rhythm2/Content/Assets/Texture_Files/tiki_Normal_OpenGL.uexp" 1944
"C:/Users/Aliss/Documents/GitHub/Reel-Rhythm2/Content/Assets/Texture_Files/tiki_Metallic.ubulk" 1945
"C:/Users/Aliss/Documents/GitHub/Reel-Rhythm2/Content/Assets/Texture_Files/tiki_Metallic.uasset" 1946
"C:/Users/Aliss/Documents/GitHub/Reel-Rhythm2/Content/Assets/Texture_Files/tiki_Metallic.uexp" 1947
"C:/Users/Aliss/Documents/GitHub/Reel-Rhythm2/Content/Assets/Texture_Files/tiki_Base_color.ubulk" 1948
"C:/Users/Aliss/Documents/GitHub/Reel-Rhythm2/Content/Assets/Texture_Files/tiki_Base_color.uasset" 1949
"C:/Users/Aliss/Documents/GitHub/Reel-Rhythm2/Content/Assets/Texture_Files/tiki_Base_color.uexp" 1950
"C:/Users/Aliss/Documents/GitHub/Reel-Rhythm2/Content/Assets/Materials/M_Tikitorch.uasset" 1951
"C:/Users/Aliss/Documents/GitHub/Reel-Rhythm2/Content/Assets/Materials/M_Tikitorch.uexp" 1952
"C:/Users/Aliss/Documents/GitHub/Reel-Rhythm2/Content/Assets/Models/LP_torch.ubulk" 1953
"C:/Users/Aliss/Documents/GitHub/Reel-Rhythm2/Content/Assets/Models/LP_torch.uasset" 1954
"C:/Users/Aliss/Documents/GitHub/Reel-Rhythm2/Content/Assets/Models/LP_torch.uexp" 1955
"C:/Users/Aliss/Documents/GitHub/Reel-Rhythm2/Content/Assets/Models/Bp_TORCH.uasset" 1956
"C:/Users/Aliss/Documents/GitHub/Reel-Rhythm2/Content/Assets/Models/Bp_TORCH.uexp" 1957
"C:/Users/Aliss/Documents/GitHub/Reel-Rhythm2/Content/Assets/Texture_Files/Trash_TextureFiles/Trashcan_initialShadingGroup_BaseColor.ubulk" 1958
"C:/Users/Aliss/Documents/GitHub/Reel-Rhythm2/Content/Assets/Texture_Files/Trash_TextureFiles/Trashcan_initialShadingGroup_BaseColor.uasset" 1959
"C:/Users/Aliss/Documents/GitHub/Reel-Rhythm2/Content/Assets/Texture_Files/Trash_TextureFiles/Trashcan_initialShadingGroup_BaseColor.uexp" 1960
"C:/Users/Aliss/Documents/GitHub/Reel-Rhythm2/Content/Assets/Texture_Files/Trash_TextureFiles/Trashcan_initialShadingGroup_Metallic.ubulk" 1961
"C:/Users/Aliss/Documents/GitHub/Reel-Rhythm2/Content/Assets/Texture_Files/Trash_TextureFiles/Trashcan_initialShadingGroup_Metallic.uasset" 1962
"C:/Users/Aliss/Documents/GitHub/Reel-Rhythm2/Content/Assets/Texture_Files/Trash_TextureFiles/Trashcan_initialShadingGroup_Metallic.uexp" 1963
"C:/Users/Aliss/Documents/GitHub/Reel-Rhythm2/Content/Assets/Texture_Files/Trash_TextureFiles/Trashcan_initialShadingGroup_Normal.ubulk" 1964
"C:/Users/Aliss/Documents/GitHub/Reel-Rhythm2/Content/Assets/Texture_Files/Trash_TextureFiles/Trashcan_initialShadingGroup_Normal.uasset" 1965
"C:/Users/Aliss/Documents/GitHub/Reel-Rhythm2/Content/Assets/Texture_Files/Trash_TextureFiles/Trashcan_initialShadingGroup_Normal.uexp" 1966
"C:/Users/Aliss/Documents/GitHub/Reel-Rhythm2/Content/Assets/Texture_Files/Trash_TextureFiles/Trashcan_initialShadingGroup_Roughness.ubulk" 1967
"C:/Users/Aliss/Documents/GitHub/Reel-Rhythm2/Content/Assets/Texture_Files/Trash_TextureFiles/Trashcan_initialShadingGroup_Roughness.uasset" 1968
"C:/Users/Aliss/Documents/GitHub/Reel-Rhythm2/Content/Assets/Texture_Files/Trash_TextureFiles/Trashcan_initialShadingGroup_Roughness.uexp" 1969
"C:/Users/Aliss/Documents/GitHub/Reel-Rhythm2/Content/Assets/Texture_Files/Trash_TextureFiles/Trashcan_initialShadingGroup_Height.ubulk" 1970
"C:/Users/Aliss/Documents/GitHub/Reel-Rhythm2/Content/Assets/Texture_Files/Trash_TextureFiles/Trashcan_initialShadingGroup_Height.uasset" 1971
"C:/Users/Aliss/Documents/GitHub/Reel-Rhythm2/Content/Assets/Texture_Files/Trash_TextureFiles/Trashcan_initialShadingGroup_Height.uexp" 1972
"C:/Users/Aliss/Documents/GitHub/Reel-Rhythm2/Content/Assets/Materials/TrashCan.uasset" 1973
"C:/Users/Aliss/Documents/GitHub/Reel-Rhythm2/Content/Assets/Materials/TrashCan.uexp" 1974
"C:/Users/Aliss/Documents/GitHub/Reel-Rhythm2/Content/Assets/Models/Trash/Trashcan.ubulk" 1975
"C:/Users/Aliss/Documents/GitHub/Reel-Rhythm2/Content/Assets/Models/Trash/Trashcan.uasset" 1976
"C:/Users/Aliss/Documents/GitHub/Reel-Rhythm2/Content/Assets/Models/Trash/Trashcan.uexp" 1977
"C:/Users/Aliss/Documents/GitHub/Reel-Rhythm2/Content/Assets/Texture_Files/Trash_TextureFiles/IceChest_initialShadingGroup_BaseColor.ubulk" 1978
"C:/Users/Aliss/Documents/GitHub/Reel-Rhythm2/Content/Assets/Texture_Files/Trash_TextureFiles/IceChest_initialShadingGroup_BaseColor.uasset" 1979
"C:/Users/Aliss/Documents/GitHub/Reel-Rhythm2/Content/Assets/Texture_Files/Trash_TextureFiles/IceChest_initialShadingGroup_BaseColor.uexp" 1980
"C:/Users/Aliss/Documents/GitHub/Reel-Rhythm2/Content/Assets/Texture_Files/Trash_TextureFiles/IceChest_initialShadingGroup_Normal.ubulk" 1981
"C:/Users/Aliss/Documents/GitHub/Reel-Rhythm2/Content/Assets/Texture_Files/Trash_TextureFiles/IceChest_initialShadingGroup_Normal.uasset" 1982
"C:/Users/Aliss/Documents/GitHub/Reel-Rhythm2/Content/Assets/Texture_Files/Trash_TextureFiles/IceChest_initialShadingGroup_Normal.uexp" 1983
"C:/Users/Aliss/Documents/GitHub/Reel-Rhythm2/Content/Assets/Texture_Files/Trash_TextureFiles/IceChest_initialShadingGroup_Roughness.ubulk" 1984
"C:/Users/Aliss/Documents/GitHub/Reel-Rhythm2/Content/Assets/Texture_Files/Trash_TextureFiles/IceChest_initialShadingGroup_Roughness.uasset" 1985
"C:/Users/Aliss/Documents/GitHub/Reel-Rhythm2/Content/Assets/Texture_Files/Trash_TextureFiles/IceChest_initialShadingGroup_Roughness.uexp" 1986
"C:/Users/Aliss/Documents/GitHub/Reel-Rhythm2/Content/Assets/Materials/IceChest.uasset" 1987
"C:/Users/Aliss/Documents/GitHub/Reel-Rhythm2/Content/Assets/Materials/IceChest.uexp" 1988
"C:/Users/Aliss/Documents/GitHub/Reel-Rhythm2/Content/Assets/Models/Trash/IceChest.ubulk" 1989
"C:/Users/Aliss/Documents/GitHub/Reel-Rhythm2/Content/Assets/Models/Trash/IceChest.uasset" 1990
"C:/Users/Aliss/Documents/GitHub/Reel-Rhythm2/Content/Assets/Models/Trash/IceChest.uexp" 1991
"C:/Users/Aliss/Documents/GitHub/Reel-Rhythm2/Content/Assets/Materials/MI_SwampWater.uasset" 1992
"C:/Users/Aliss/Documents/GitHub/Reel-Rhythm2/Content/Assets/Materials/MI_SwampWater.uexp" 1993
"C:/Users/Aliss/Documents/GitHub/Reel-Rhythm2/Content/Assets/Materials/MI_StarfishPurple.uasset" 1994
"C:/Users/Aliss/Documents/GitHub/Reel-Rhythm2/Content/Assets/Materials/MI_StarfishPurple.uexp" 1995
"C:/Users/Aliss/Documents/GitHub/Reel-Rhythm2/Content/Assets/Materials/MI_StarfishBlue.uasset" 1996
"C:/Users/Aliss/Documents/GitHub/Reel-Rhythm2/Content/Assets/Materials/MI_StarfishBlue.uexp" 1997
"C:/Users/Aliss/Documents/GitHub/Reel-Rhythm2/Content/Assets/Materials/MI_CrystalWater.uasset" 1998
"C:/Users/Aliss/Documents/GitHub/Reel-Rhythm2/Content/Assets/Materials/MI_CrystalWater.uexp" 1999
"C:/Users/Aliss/Documents/GitHub/Reel-Rhythm2/Content/Assets/Models/Foliage/Bark_normal.ubulk" 2000
"C:/Users/Aliss/Documents/GitHub/Reel-Rhythm2/Content/Assets/Models/Foliage/Bark_normal.uasset" 2001
"C:/Users/Aliss/Documents/GitHub/Reel-Rhythm2/Content/Assets/Models/Foliage/Bark_normal.uexp" 2002
"C:/Users/Aliss/Documents/GitHub/Reel-Rhythm2/Content/Assets/Models/Foliage/Bark_height.ubulk" 2003
"C:/Users/Aliss/Documents/GitHub/Reel-Rhythm2/Content/Assets/Models/Foliage/Bark_height.uasset" 2004
"C:/Users/Aliss/Documents/GitHub/Reel-Rhythm2/Content/Assets/Models/Foliage/Bark_height.uexp" 2005
"C:/Users/Aliss/Documents/GitHub/Reel-Rhythm2/Content/Assets/Models/Foliage/Bark_basecolor.ubulk" 2006
"C:/Users/Aliss/Documents/GitHub/Reel-Rhythm2/Content/Assets/Models/Foliage/Bark_basecolor.uasset" 2007
"C:/Users/Aliss/Documents/GitHub/Reel-Rhythm2/Content/Assets/Models/Foliage/Bark_basecolor.uexp" 2008
"C:/Users/Aliss/Documents/GitHub/Reel-Rhythm2/Content/Assets/Models/Foliage/M_Bark.uasset" 2009
"C:/Users/Aliss/Documents/GitHub/Reel-Rhythm2/Content/Assets/Models/Foliage/M_Bark.uexp" 2010
"C:/Users/Aliss/Documents/GitHub/Reel-Rhythm2/Content/Assets/Models/Foliage/tree.ubulk" 2011
"C:/Users/Aliss/Documents/GitHub/Reel-Rhythm2/Content/Assets/Models/Foliage/tree.uasset" 2012
"C:/Users/Aliss/Documents/GitHub/Reel-Rhythm2/Content/Assets/Models/Foliage/tree.uexp" 2013
"C:/Users/Aliss/Documents/GitHub/Reel-Rhythm2/Content/Assets/Texture_Files/PalmTree_Roughness.ubulk" 2014
"C:/Users/Aliss/Documents/GitHub/Reel-Rhythm2/Content/Assets/Texture_Files/PalmTree_Roughness.uasset" 2015
"C:/Users/Aliss/Documents/GitHub/Reel-Rhythm2/Content/Assets/Texture_Files/PalmTree_Roughness.uexp" 2016
"C:/Users/Aliss/Documents/GitHub/Reel-Rhythm2/Content/Assets/Texture_Files/PalmTree_Normal_DirectX.ubulk" 2017
"C:/Users/Aliss/Documents/GitHub/Reel-Rhythm2/Content/Assets/Texture_Files/PalmTree_Normal_DirectX.uasset" 2018
"C:/Users/Aliss/Documents/GitHub/Reel-Rhythm2/Content/Assets/Texture_Files/PalmTree_Normal_DirectX.uexp" 2019
"C:/Users/Aliss/Documents/GitHub/Reel-Rhythm2/Content/Assets/Texture_Files/PalmTree_Base_color.ubulk" 2020
"C:/Users/Aliss/Documents/GitHub/Reel-Rhythm2/Content/Assets/Texture_Files/PalmTree_Base_color.uasset" 2021
"C:/Users/Aliss/Documents/GitHub/Reel-Rhythm2/Content/Assets/Texture_Files/PalmTree_Base_color.uexp" 2022
"C:/Users/Aliss/Documents/GitHub/Reel-Rhythm2/Content/Assets/Materials/PalmTree.uasset" 2023
"C:/Users/Aliss/Documents/GitHub/Reel-Rhythm2/Content/Assets/Materials/PalmTree.uexp" 2024
"../../../Engine/Content/Functions/Engine_MaterialFunctions01/WorldPositionOffset/SimpleGrassWind.uasset" 2025
"../../../Engine/Content/Functions/Engine_MaterialFunctions01/WorldPositionOffset/SimpleGrassWind.uexp" 2026
"C:/Users/Aliss/Documents/GitHub/Reel-Rhythm2/Content/Assets/Texture_Files/PalmLeaves_Roughness.ubulk" 2027
"C:/Users/Aliss/Documents/GitHub/Reel-Rhythm2/Content/Assets/Texture_Files/PalmLeaves_Roughness.uasset" 2028
"C:/Users/Aliss/Documents/GitHub/Reel-Rhythm2/Content/Assets/Texture_Files/PalmLeaves_Roughness.uexp" 2029
"C:/Users/Aliss/Documents/GitHub/Reel-Rhythm2/Content/Assets/Texture_Files/PalmLeaves_Opacity.ubulk" 2030
"C:/Users/Aliss/Documents/GitHub/Reel-Rhythm2/Content/Assets/Texture_Files/PalmLeaves_Opacity.uasset" 2031
"C:/Users/Aliss/Documents/GitHub/Reel-Rhythm2/Content/Assets/Texture_Files/PalmLeaves_Opacity.uexp" 2032
"C:/Users/Aliss/Documents/GitHub/Reel-Rhythm2/Content/Assets/Texture_Files/PalmLeaves_Base_color.ubulk" 2033
"C:/Users/Aliss/Documents/GitHub/Reel-Rhythm2/Content/Assets/Texture_Files/PalmLeaves_Base_color.uasset" 2034
"C:/Users/Aliss/Documents/GitHub/Reel-Rhythm2/Content/Assets/Texture_Files/PalmLeaves_Base_color.uexp" 2035
"C:/Users/Aliss/Documents/GitHub/Reel-Rhythm2/Content/Assets/Texture_Files/LP_PalmTree_PalmLeaves_Normal.ubulk" 2036
"C:/Users/Aliss/Documents/GitHub/Reel-Rhythm2/Content/Assets/Texture_Files/LP_PalmTree_PalmLeaves_Normal.uasset" 2037
"C:/Users/Aliss/Documents/GitHub/Reel-Rhythm2/Content/Assets/Texture_Files/LP_PalmTree_PalmLeaves_Normal.uexp" 2038
"C:/Users/Aliss/Documents/GitHub/Reel-Rhythm2/Content/Assets/Materials/PalmLeaves.uasset" 2039
"C:/Users/Aliss/Documents/GitHub/Reel-Rhythm2/Content/Assets/Materials/PalmLeaves.uexp" 2040
"C:/Users/Aliss/Documents/GitHub/Reel-Rhythm2/Content/Assets/Models/Foliage/LP_PalmTree.ubulk" 2041
"C:/Users/Aliss/Documents/GitHub/Reel-Rhythm2/Content/Assets/Models/Foliage/LP_PalmTree.uasset" 2042
"C:/Users/Aliss/Documents/GitHub/Reel-Rhythm2/Content/Assets/Models/Foliage/LP_PalmTree.uexp" 2043
"C:/Users/Aliss/Documents/GitHub/Reel-Rhythm2/Content/Assets/Materials/M_Grass.uasset" 2044
"C:/Users/Aliss/Documents/GitHub/Reel-Rhythm2/Content/Assets/Materials/M_Grass.uexp" 2045
"C:/Users/Aliss/Documents/GitHub/Reel-Rhythm2/Content/Assets/Models/Foliage/Grass01.ubulk" 2046
"C:/Users/Aliss/Documents/GitHub/Reel-Rhythm2/Content/Assets/Models/Foliage/Grass01.uasset" 2047
"C:/Users/Aliss/Documents/GitHub/Reel-Rhythm2/Content/Assets/Models/Foliage/Grass01.uexp" 2048
"C:/Users/Aliss/Documents/GitHub/Reel-Rhythm2/Content/Assets/M_Empty.uasset" 2049
"C:/Users/Aliss/Documents/GitHub/Reel-Rhythm2/Content/Assets/M_Empty.uexp" 2050
"C:/Users/Aliss/Documents/GitHub/Reel-Rhythm2/Content/Assets/Texture_Files/Trash_TextureFiles/GlassBottle_initialShadingGroup_BaseColor.ubulk" 2051
"C:/Users/Aliss/Documents/GitHub/Reel-Rhythm2/Content/Assets/Texture_Files/Trash_TextureFiles/GlassBottle_initialShadingGroup_BaseColor.uasset" 2052
"C:/Users/Aliss/Documents/GitHub/Reel-Rhythm2/Content/Assets/Texture_Files/Trash_TextureFiles/GlassBottle_initialShadingGroup_BaseColor.uexp" 2053
"C:/Users/Aliss/Documents/GitHub/Reel-Rhythm2/Content/Assets/Texture_Files/Trash_TextureFiles/GlassBottle_initialShadingGroup_Metallic.ubulk" 2054
"C:/Users/Aliss/Documents/GitHub/Reel-Rhythm2/Content/Assets/Texture_Files/Trash_TextureFiles/GlassBottle_initialShadingGroup_Metallic.uasset" 2055
"C:/Users/Aliss/Documents/GitHub/Reel-Rhythm2/Content/Assets/Texture_Files/Trash_TextureFiles/GlassBottle_initialShadingGroup_Metallic.uexp" 2056
"C:/Users/Aliss/Documents/GitHub/Reel-Rhythm2/Content/Assets/Texture_Files/Trash_TextureFiles/GlassBottle_initialShadingGroup_Normal.ubulk" 2057
"C:/Users/Aliss/Documents/GitHub/Reel-Rhythm2/Content/Assets/Texture_Files/Trash_TextureFiles/GlassBottle_initialShadingGroup_Normal.uasset" 2058
"C:/Users/Aliss/Documents/GitHub/Reel-Rhythm2/Content/Assets/Texture_Files/Trash_TextureFiles/GlassBottle_initialShadingGroup_Normal.uexp" 2059
"C:/Users/Aliss/Documents/GitHub/Reel-Rhythm2/Content/Assets/Texture_Files/Trash_TextureFiles/GlassBottle_initialShadingGroup_Roughness.ubulk" 2060
"C:/Users/Aliss/Documents/GitHub/Reel-Rhythm2/Content/Assets/Texture_Files/Trash_TextureFiles/GlassBottle_initialShadingGroup_Roughness.uasset" 2061
"C:/Users/Aliss/Documents/GitHub/Reel-Rhythm2/Content/Assets/Texture_Files/Trash_TextureFiles/GlassBottle_initialShadingGroup_Roughness.uexp" 2062
"C:/Users/Aliss/Documents/GitHub/Reel-Rhythm2/Content/Assets/Texture_Files/Trash_TextureFiles/GlassBottle_initialShadingGroup_Height.ubulk" 2063
"C:/Users/Aliss/Documents/GitHub/Reel-Rhythm2/Content/Assets/Texture_Files/Trash_TextureFiles/GlassBottle_initialShadingGroup_Height.uasset" 2064
"C:/Users/Aliss/Documents/GitHub/Reel-Rhythm2/Content/Assets/Texture_Files/Trash_TextureFiles/GlassBottle_initialShadingGroup_Height.uexp" 2065
"C:/Users/Aliss/Documents/GitHub/Reel-Rhythm2/Content/Assets/Materials/GlassBottle.uasset" 2066
"C:/Users/Aliss/Documents/GitHub/Reel-Rhythm2/Content/Assets/Materials/GlassBottle.uexp" 2067
"C:/Users/Aliss/Documents/GitHub/Reel-Rhythm2/Content/Assets/Models/Trash/GlassBottle.ubulk" 2068
"C:/Users/Aliss/Documents/GitHub/Reel-Rhythm2/Content/Assets/Models/Trash/GlassBottle.uasset" 2069
"C:/Users/Aliss/Documents/GitHub/Reel-Rhythm2/Content/Assets/Models/Trash/GlassBottle.uexp" 2070
"C:/Users/Aliss/Documents/GitHub/Reel-Rhythm2/Content/BraydensWork/TrashPickup/TrashPickupBottle.uasset" 2071
"C:/Users/Aliss/Documents/GitHub/Reel-Rhythm2/Content/BraydensWork/TrashPickup/TrashPickupBottle.uexp" 2072
"C:/Users/Aliss/Documents/GitHub/Reel-Rhythm2/Content/Assets/Texture_Files/Trash_TextureFiles/PaperTrash_initialShadingGroup_BaseColor.ubulk" 2073
"C:/Users/Aliss/Documents/GitHub/Reel-Rhythm2/Content/Assets/Texture_Files/Trash_TextureFiles/PaperTrash_initialShadingGroup_BaseColor.uasset" 2074
"C:/Users/Aliss/Documents/GitHub/Reel-Rhythm2/Content/Assets/Texture_Files/Trash_TextureFiles/PaperTrash_initialShadingGroup_BaseColor.uexp" 2075
"C:/Users/Aliss/Documents/GitHub/Reel-Rhythm2/Content/Assets/Materials/PaperTrash.uasset" 2076
"C:/Users/Aliss/Documents/GitHub/Reel-Rhythm2/Content/Assets/Materials/PaperTrash.uexp" 2077
"C:/Users/Aliss/Documents/GitHub/Reel-Rhythm2/Content/Assets/Models/Trash/PaperTrash.ubulk" 2078
"C:/Users/Aliss/Documents/GitHub/Reel-Rhythm2/Content/Assets/Models/Trash/PaperTrash.uasset" 2079
"C:/Users/Aliss/Documents/GitHub/Reel-Rhythm2/Content/Assets/Models/Trash/PaperTrash.uexp" 2080
"C:/Users/Aliss/Documents/GitHub/Reel-Rhythm2/Content/BraydensWork/TrashPickup/TrashPickupPaper.uasset" 2081
"C:/Users/Aliss/Documents/GitHub/Reel-Rhythm2/Content/BraydensWork/TrashPickup/TrashPickupPaper.uexp" 2082
"C:/Users/Aliss/Documents/GitHub/Reel-Rhythm2/Content/Assets/Texture_Files/Trash_TextureFiles/FlipFlopMesh_initialShadingGroup_BaseColor.ubulk" 2083
"C:/Users/Aliss/Documents/GitHub/Reel-Rhythm2/Content/Assets/Texture_Files/Trash_TextureFiles/FlipFlopMesh_initialShadingGroup_BaseColor.uasset" 2084
"C:/Users/Aliss/Documents/GitHub/Reel-Rhythm2/Content/Assets/Texture_Files/Trash_TextureFiles/FlipFlopMesh_initialShadingGroup_BaseColor.uexp" 2085
"C:/Users/Aliss/Documents/GitHub/Reel-Rhythm2/Content/Assets/Texture_Files/Trash_TextureFiles/FlipFlopMesh_initialShadingGroup_Normal.ubulk" 2086
"C:/Users/Aliss/Documents/GitHub/Reel-Rhythm2/Content/Assets/Texture_Files/Trash_TextureFiles/FlipFlopMesh_initialShadingGroup_Normal.uasset" 2087
"C:/Users/Aliss/Documents/GitHub/Reel-Rhythm2/Content/Assets/Texture_Files/Trash_TextureFiles/FlipFlopMesh_initialShadingGroup_Normal.uexp" 2088
"C:/Users/Aliss/Documents/GitHub/Reel-Rhythm2/Content/Assets/Texture_Files/Trash_TextureFiles/FlipFlopMesh_initialShadingGroup_Roughness.ubulk" 2089
"C:/Users/Aliss/Documents/GitHub/Reel-Rhythm2/Content/Assets/Texture_Files/Trash_TextureFiles/FlipFlopMesh_initialShadingGroup_Roughness.uasset" 2090
"C:/Users/Aliss/Documents/GitHub/Reel-Rhythm2/Content/Assets/Texture_Files/Trash_TextureFiles/FlipFlopMesh_initialShadingGroup_Roughness.uexp" 2091
"C:/Users/Aliss/Documents/GitHub/Reel-Rhythm2/Content/Assets/Materials/FlipFlop.uasset" 2092
"C:/Users/Aliss/Documents/GitHub/Reel-Rhythm2/Content/Assets/Materials/FlipFlop.uexp" 2093
"C:/Users/Aliss/Documents/GitHub/Reel-Rhythm2/Content/Assets/Models/Trash/FlipFlopMesh.ubulk" 2094
"C:/Users/Aliss/Documents/GitHub/Reel-Rhythm2/Content/Assets/Models/Trash/FlipFlopMesh.uasset" 2095
"C:/Users/Aliss/Documents/GitHub/Reel-Rhythm2/Content/Assets/Models/Trash/FlipFlopMesh.uexp" 2096
"C:/Users/Aliss/Documents/GitHub/Reel-Rhythm2/Content/BraydensWork/TrashPickup/TrashPickupSandal.uasset" 2097
"C:/Users/Aliss/Documents/GitHub/Reel-Rhythm2/Content/BraydensWork/TrashPickup/TrashPickupSandal.uexp" 2098
"C:/Users/Aliss/Documents/GitHub/Reel-Rhythm2/Content/Assets/Texture_Files/Trash_TextureFiles/WaterBottle_initialShadingGroup_BaseColor.ubulk" 2099
"C:/Users/Aliss/Documents/GitHub/Reel-Rhythm2/Content/Assets/Texture_Files/Trash_TextureFiles/WaterBottle_initialShadingGroup_BaseColor.uasset" 2100
"C:/Users/Aliss/Documents/GitHub/Reel-Rhythm2/Content/Assets/Texture_Files/Trash_TextureFiles/WaterBottle_initialShadingGroup_BaseColor.uexp" 2101
"C:/Users/Aliss/Documents/GitHub/Reel-Rhythm2/Content/Assets/Texture_Files/Trash_TextureFiles/WaterBottle_initialShadingGroup_Metallic.ubulk" 2102
"C:/Users/Aliss/Documents/GitHub/Reel-Rhythm2/Content/Assets/Texture_Files/Trash_TextureFiles/WaterBottle_initialShadingGroup_Metallic.uasset" 2103
"C:/Users/Aliss/Documents/GitHub/Reel-Rhythm2/Content/Assets/Texture_Files/Trash_TextureFiles/WaterBottle_initialShadingGroup_Metallic.uexp" 2104
"C:/Users/Aliss/Documents/GitHub/Reel-Rhythm2/Content/Assets/Texture_Files/Trash_TextureFiles/WaterBottle_initialShadingGroup_Normal.ubulk" 2105
"C:/Users/Aliss/Documents/GitHub/Reel-Rhythm2/Content/Assets/Texture_Files/Trash_TextureFiles/WaterBottle_initialShadingGroup_Normal.uasset" 2106
"C:/Users/Aliss/Documents/GitHub/Reel-Rhythm2/Content/Assets/Texture_Files/Trash_TextureFiles/WaterBottle_initialShadingGroup_Normal.uexp" 2107
"C:/Users/Aliss/Documents/GitHub/Reel-Rhythm2/Content/Assets/Texture_Files/Trash_TextureFiles/WaterBottle_initialShadingGroup_Roughness.ubulk" 2108
"C:/Users/Aliss/Documents/GitHub/Reel-Rhythm2/Content/Assets/Texture_Files/Trash_TextureFiles/WaterBottle_initialShadingGroup_Roughness.uasset" 2109
"C:/Users/Aliss/Documents/GitHub/Reel-Rhythm2/Content/Assets/Texture_Files/Trash_TextureFiles/WaterBottle_initialShadingGroup_Roughness.uexp" 2110
"C:/Users/Aliss/Documents/GitHub/Reel-Rhythm2/Content/Assets/Texture_Files/Trash_TextureFiles/WaterBottle_initialShadingGroup_Height.ubulk" 2111
"C:/Users/Aliss/Documents/GitHub/Reel-Rhythm2/Content/Assets/Texture_Files/Trash_TextureFiles/WaterBottle_initialShadingGroup_Height.uasset" 2112
"C:/Users/Aliss/Documents/GitHub/Reel-Rhythm2/Content/Assets/Texture_Files/Trash_TextureFiles/WaterBottle_initialShadingGroup_Height.uexp" 2113
"C:/Users/Aliss/Documents/GitHub/Reel-Rhythm2/Content/Assets/Materials/WaterBottle.uasset" 2114
"C:/Users/Aliss/Documents/GitHub/Reel-Rhythm2/Content/Assets/Materials/WaterBottle.uexp" 2115
"C:/Users/Aliss/Documents/GitHub/Reel-Rhythm2/Content/Assets/Models/Trash/WaterBottle_Crumpled_01.ubulk" 2116
"C:/Users/Aliss/Documents/GitHub/Reel-Rhythm2/Content/Assets/Models/Trash/WaterBottle_Crumpled_01.uasset" 2117
"C:/Users/Aliss/Documents/GitHub/Reel-Rhythm2/Content/Assets/Models/Trash/WaterBottle_Crumpled_01.uexp" 2118
"C:/Users/Aliss/Documents/GitHub/Reel-Rhythm2/Content/BraydensWork/TrashPickup/TrashPickupWater.uasset" 2119
"C:/Users/Aliss/Documents/GitHub/Reel-Rhythm2/Content/BraydensWork/TrashPickup/TrashPickupWater.uexp" 2120
"C:/Users/Aliss/Documents/GitHub/Reel-Rhythm2/Content/Sounds+Music/Music/IdleMusic.ubulk" 2121
"C:/Users/Aliss/Documents/GitHub/Reel-Rhythm2/Content/Sounds+Music/Music/IdleMusic.uasset" 2122
"C:/Users/Aliss/Documents/GitHub/Reel-Rhythm2/Content/Sounds+Music/Music/IdleMusic.uexp" 2123
"C:/Users/Aliss/Documents/GitHub/Reel-Rhythm2/Content/Crystals/StylizedCrystalTileable_normal.ubulk" 2124
"C:/Users/Aliss/Documents/GitHub/Reel-Rhythm2/Content/Crystals/StylizedCrystalTileable_normal.uasset" 2125
"C:/Users/Aliss/Documents/GitHub/Reel-Rhythm2/Content/Crystals/StylizedCrystalTileable_normal.uexp" 2126
"C:/Users/Aliss/Documents/GitHub/Reel-Rhythm2/Content/Crystals/StylizedCrystalTileable_basecolor.ubulk" 2127
"C:/Users/Aliss/Documents/GitHub/Reel-Rhythm2/Content/Crystals/StylizedCrystalTileable_basecolor.uasset" 2128
"C:/Users/Aliss/Documents/GitHub/Reel-Rhythm2/Content/Crystals/StylizedCrystalTileable_basecolor.uexp" 2129
"../../../Engine/Content/EngineResources/DefaultTexture.ubulk" 2130
"../../../Engine/Content/EngineResources/DefaultTexture.uasset" 2131
"../../../Engine/Content/EngineResources/DefaultTexture.uexp" 2132
"C:/Users/Aliss/Documents/GitHub/Reel-Rhythm2/Content/Crystals/T_GemSurface01_N.ubulk" 2133
"C:/Users/Aliss/Documents/GitHub/Reel-Rhythm2/Content/Crystals/T_GemSurface01_N.uasset" 2134
"C:/Users/Aliss/Documents/GitHub/Reel-Rhythm2/Content/Crystals/T_GemSurface01_N.uexp" 2135
"C:/Users/Aliss/Documents/GitHub/Reel-Rhythm2/Content/Crystals/T_GemSurface01_M.ubulk" 2136
"C:/Users/Aliss/Documents/GitHub/Reel-Rhythm2/Content/Crystals/T_GemSurface01_M.uasset" 2137
"C:/Users/Aliss/Documents/GitHub/Reel-Rhythm2/Content/Crystals/T_GemSurface01_M.uexp" 2138
"../../../Engine/Content/Functions/Engine_MaterialFunctions02/Math/InverseTransformMatrix.uasset" 2139
"../../../Engine/Content/Functions/Engine_MaterialFunctions02/Math/InverseTransformMatrix.uexp" 2140
"../../../Engine/Content/EngineVolumetrics/Fogsheet/Materials/T_EV_BlankWhite_01.uasset" 2141
"../../../Engine/Content/EngineVolumetrics/Fogsheet/Materials/T_EV_BlankWhite_01.uexp" 2142
"../../../Engine/Content/Functions/Engine_MaterialFunctions02/Math/TransformToZVector.uasset" 2143
"../../../Engine/Content/Functions/Engine_MaterialFunctions02/Math/TransformToZVector.uexp" 2144
"../../../Engine/Content/Functions/Engine_MaterialFunctions01/Texturing/ParallaxOcclusionMapping.uasset" 2145
"../../../Engine/Content/Functions/Engine_MaterialFunctions01/Texturing/ParallaxOcclusionMapping.uexp" 2146
"../../../Engine/Content/MapTemplates/Sky/T_Sky_Stars.ubulk" 2147
"../../../Engine/Content/MapTemplates/Sky/T_Sky_Stars.uasset" 2148
"../../../Engine/Content/MapTemplates/Sky/T_Sky_Stars.uexp" 2149
"../../../Engine/Content/Functions/Engine_MaterialFunctions03/ComplexMotion/Motion_4WayChaos.uasset" 2150
"../../../Engine/Content/Functions/Engine_MaterialFunctions03/ComplexMotion/Motion_4WayChaos.uexp" 2151
"../../../Engine/Content/Tutorial/SubEditors/TutorialAssets/T_soft_smoke.ubulk" 2152
"../../../Engine/Content/Tutorial/SubEditors/TutorialAssets/T_soft_smoke.uasset" 2153
"../../../Engine/Content/Tutorial/SubEditors/TutorialAssets/T_soft_smoke.uexp" 2154
"C:/Users/Aliss/Documents/GitHub/Reel-Rhythm2/Content/Crystals/M_Glitter.uasset" 2155
"C:/Users/Aliss/Documents/GitHub/Reel-Rhythm2/Content/Crystals/M_Glitter.uexp" 2156
"C:/Users/Aliss/Documents/GitHub/Reel-Rhythm2/Content/Crystals/MI_GlitterBlue.uasset" 2157
"C:/Users/Aliss/Documents/GitHub/Reel-Rhythm2/Content/Crystals/MI_GlitterBlue.uexp" 2158
"C:/Users/Aliss/Documents/GitHub/Reel-Rhythm2/Content/Crystals/MI_GlitterPurple.uasset" 2159
"C:/Users/Aliss/Documents/GitHub/Reel-Rhythm2/Content/Crystals/MI_GlitterPurple.uexp" 2160
"C:/Users/Aliss/Documents/GitHub/Reel-Rhythm2/Content/Crystals/MI_GlitterYellow.uasset" 2161
"C:/Users/Aliss/Documents/GitHub/Reel-Rhythm2/Content/Crystals/MI_GlitterYellow.uexp" 2162
"C:/Users/Aliss/Documents/GitHub/Reel-Rhythm2/Content/Assets/Texture_Files/Trash_TextureFiles/SunscreenMesh_initialShadingGroup_BaseColor.ubulk" 2163
"C:/Users/Aliss/Documents/GitHub/Reel-Rhythm2/Content/Assets/Texture_Files/Trash_TextureFiles/SunscreenMesh_initialShadingGroup_BaseColor.uasset" 2164
"C:/Users/Aliss/Documents/GitHub/Reel-Rhythm2/Content/Assets/Texture_Files/Trash_TextureFiles/SunscreenMesh_initialShadingGroup_BaseColor.uexp" 2165
"C:/Users/Aliss/Documents/GitHub/Reel-Rhythm2/Content/Assets/Texture_Files/Trash_TextureFiles/SunscreenMesh_initialShadingGroup_Normal.ubulk" 2166
"C:/Users/Aliss/Documents/GitHub/Reel-Rhythm2/Content/Assets/Texture_Files/Trash_TextureFiles/SunscreenMesh_initialShadingGroup_Normal.uasset" 2167
"C:/Users/Aliss/Documents/GitHub/Reel-Rhythm2/Content/Assets/Texture_Files/Trash_TextureFiles/SunscreenMesh_initialShadingGroup_Normal.uexp" 2168
"C:/Users/Aliss/Documents/GitHub/Reel-Rhythm2/Content/Assets/Texture_Files/Trash_TextureFiles/SunscreenMesh_initialShadingGroup_Roughness.ubulk" 2169
"C:/Users/Aliss/Documents/GitHub/Reel-Rhythm2/Content/Assets/Texture_Files/Trash_TextureFiles/SunscreenMesh_initialShadingGroup_Roughness.uasset" 2170
"C:/Users/Aliss/Documents/GitHub/Reel-Rhythm2/Content/Assets/Texture_Files/Trash_TextureFiles/SunscreenMesh_initialShadingGroup_Roughness.uexp" 2171
"C:/Users/Aliss/Documents/GitHub/Reel-Rhythm2/Content/Assets/Texture_Files/Trash_TextureFiles/SunscreenMesh_initialShadingGroup_Height.ubulk" 2172
"C:/Users/Aliss/Documents/GitHub/Reel-Rhythm2/Content/Assets/Texture_Files/Trash_TextureFiles/SunscreenMesh_initialShadingGroup_Height.uasset" 2173
"C:/Users/Aliss/Documents/GitHub/Reel-Rhythm2/Content/Assets/Texture_Files/Trash_TextureFiles/SunscreenMesh_initialShadingGroup_Height.uexp" 2174
"C:/Users/Aliss/Documents/GitHub/Reel-Rhythm2/Content/Assets/Materials/SunscreenBottle.uasset" 2175
"C:/Users/Aliss/Documents/GitHub/Reel-Rhythm2/Content/Assets/Materials/SunscreenBottle.uexp" 2176
"C:/Users/Aliss/Documents/GitHub/Reel-Rhythm2/Content/Assets/Models/Trash/SunscreenMesh.ubulk" 2177
"C:/Users/Aliss/Documents/GitHub/Reel-Rhythm2/Content/Assets/Models/Trash/SunscreenMesh.uasset" 2178
"C:/Users/Aliss/Documents/GitHub/Reel-Rhythm2/Content/Assets/Models/Trash/SunscreenMesh.uexp" 2179
"C:/Users/Aliss/Documents/GitHub/Reel-Rhythm2/Content/BraydensWork/TrashPickup/TrashPickupSunscreen.uasset" 2180
"C:/Users/Aliss/Documents/GitHub/Reel-Rhythm2/Content/BraydensWork/TrashPickup/TrashPickupSunscreen.uexp" 2181
"C:/Users/Aliss/Documents/GitHub/Reel-Rhythm2/Content/Assets/Models/Newhut.ubulk" 2182
"C:/Users/Aliss/Documents/GitHub/Reel-Rhythm2/Content/Assets/Models/Newhut.uasset" 2183
"C:/Users/Aliss/Documents/GitHub/Reel-Rhythm2/Content/Assets/Models/Newhut.uexp" 2184
"C:/Users/Aliss/Documents/GitHub/Reel-Rhythm2/Content/LevelOne-Beach.uexp" 2185
"C:/Users/Aliss/Documents/GitHub/Reel-Rhythm2/Content/LevelOne-Beach.ubulk" 2186
"C:/Users/Aliss/Documents/GitHub/Reel-Rhythm2/Content/LevelOne-Beach.umap" 2187
"../../../Engine/Content/Maps/Entry_BuiltData.uasset" 2188
"../../../Engine/Content/Maps/Entry_BuiltData.uexp" 2189
"../../../Engine/Content/Maps/Entry.uexp" 2190
"../../../Engine/Content/Maps/Entry.umap" 2191
